timestamp,restaurantId,cornerId,queue_len,est_wait_time_min
2026-01-15T11:00:00+09:00,hanyang_plaza,western,4,2
2026-01-15T11:00:00+09:00,hanyang_plaza,korean,2,1
2026-01-15T11:00:00+09:00,hanyang_plaza,instant,5,4
2026-01-15T11:00:00+09:00,hanyang_plaza,ramen,6,5
2026-01-15T11:00:00+09:00,materials,set_meal,0,1
2026-01-15T11:00:00+09:00,materials,single_dish,1,1
2026-01-15T11:00:00+09:00,life_science,dam_a,3,2
2026-01-15T11:00:00+09:00,life_science,pangeos,3,2
2026-01-15T11:01:00+09:00,hanyang_plaza,western,3,2
2026-01-15T11:01:00+09:00,hanyang_plaza,korean,2,1
2026-01-15T11:01:00+09:00,hanyang_plaza,instant,6,4
2026-01-15T11:01:00+09:00,hanyang_plaza,ramen,6,5
2026-01-15T11:01:00+09:00,materials,set_meal,3,2
2026-01-15T11:01:00+09:00,materials,single_dish,4,2
2026-01-15T11:01:00+09:00,life_science,dam_a,4,2
2026-01-15T11:01:00+09:00,life_science,pangeos,3,2
2026-01-15T11:02:00+09:00,hanyang_plaza,western,4,2
2026-01-15T11:02:00+09:00,hanyang_plaza,korean,2,1
2026-01-15T11:02:00+09:00,hanyang_plaza,instant,6,4
2026-01-15T11:02:00+09:00,hanyang_plaza,ramen,5,5
2026-01-15T11:02:00+09:00,materials,set_meal,2,2
2026-01-15T11:02:00+09:00,materials,single_dish,2,2
2026-01-15T11:02:00+09:00,life_science,dam_a,5,3
2026-01-15T11:02:00+09:00,life_science,pangeos,4,3
2026-01-15T11:03:00+09:00,hanyang_plaza,western,3,2
2026-01-15T11:03:00+09:00,hanyang_plaza,korean,3,2
2026-01-15T11:03:00+09:00,hanyang_plaza,instant,5,4
2026-01-15T11:03:00+09:00,hanyang_plaza,ramen,5,5
2026-01-15T11:03:00+09:00,materials,set_meal,3,2
2026-01-15T11:03:00+09:00,materials,single_dish,3,2
2026-01-15T11:03:00+09:00,life_science,dam_a,6,3
2026-01-15T11:03:00+09:00,life_science,pangeos,3,2
2026-01-15T11:04:00+09:00,hanyang_plaza,western,3,2
2026-01-15T11:04:00+09:00,hanyang_plaza,korean,3,2
2026-01-15T11:04:00+09:00,hanyang_plaza,instant,6,4
2026-01-15T11:04:00+09:00,hanyang_plaza,ramen,7,6
2026-01-15T11:04:00+09:00,materials,set_meal,2,2
2026-01-15T11:04:00+09:00,materials,single_dish,2,2
2026-01-15T11:04:00+09:00,life_science,dam_a,2,2
2026-01-15T11:04:00+09:00,life_science,pangeos,5,3
2026-01-15T11:05:00+09:00,hanyang_plaza,western,5,2
2026-01-15T11:05:00+09:00,hanyang_plaza,korean,5,2
2026-01-15T11:05:00+09:00,hanyang_plaza,instant,4,3
2026-01-15T11:05:00+09:00,hanyang_plaza,ramen,5,5
2026-01-15T11:05:00+09:00,materials,set_meal,3,2
2026-01-15T11:05:00+09:00,materials,single_dish,3,2
2026-01-15T11:05:00+09:00,life_science,dam_a,5,3
2026-01-15T11:05:00+09:00,life_science,pangeos,4,3
2026-01-15T11:06:00+09:00,hanyang_plaza,western,5,2
2026-01-15T11:06:00+09:00,hanyang_plaza,korean,4,2
2026-01-15T11:06:00+09:00,hanyang_plaza,instant,5,4
2026-01-15T11:06:00+09:00,hanyang_plaza,ramen,6,5
2026-01-15T11:06:00+09:00,materials,set_meal,1,1
2026-01-15T11:06:00+09:00,materials,single_dish,3,2
2026-01-15T11:06:00+09:00,life_science,dam_a,3,2
2026-01-15T11:06:00+09:00,life_science,pangeos,3,2
2026-01-15T11:07:00+09:00,hanyang_plaza,western,3,2
2026-01-15T11:07:00+09:00,hanyang_plaza,korean,6,3
2026-01-15T11:07:00+09:00,hanyang_plaza,instant,4,3
2026-01-15T11:07:00+09:00,hanyang_plaza,ramen,7,6
2026-01-15T11:07:00+09:00,materials,set_meal,0,1
2026-01-15T11:07:00+09:00,materials,single_dish,3,2
2026-01-15T11:07:00+09:00,life_science,dam_a,4,2
2026-01-15T11:07:00+09:00,life_science,pangeos,5,3
2026-01-15T11:08:00+09:00,hanyang_plaza,western,5,2
2026-01-15T11:08:00+09:00,hanyang_plaza,korean,5,2
2026-01-15T11:08:00+09:00,hanyang_plaza,instant,4,3
2026-01-15T11:08:00+09:00,hanyang_plaza,ramen,5,5
2026-01-15T11:08:00+09:00,materials,set_meal,4,2
2026-01-15T11:08:00+09:00,materials,single_dish,3,2
2026-01-15T11:08:00+09:00,life_science,dam_a,2,2
2026-01-15T11:08:00+09:00,life_science,pangeos,3,2
2026-01-15T11:09:00+09:00,hanyang_plaza,western,2,1
2026-01-15T11:09:00+09:00,hanyang_plaza,korean,5,2
2026-01-15T11:09:00+09:00,hanyang_plaza,instant,5,4
2026-01-15T11:09:00+09:00,hanyang_plaza,ramen,7,6
2026-01-15T11:09:00+09:00,materials,set_meal,2,2
2026-01-15T11:09:00+09:00,materials,single_dish,3,2
2026-01-15T11:09:00+09:00,life_science,dam_a,5,3
2026-01-15T11:09:00+09:00,life_science,pangeos,4,3
2026-01-15T11:10:00+09:00,hanyang_plaza,western,5,2
2026-01-15T11:10:00+09:00,hanyang_plaza,korean,3,2
2026-01-15T11:10:00+09:00,hanyang_plaza,instant,5,4
2026-01-15T11:10:00+09:00,hanyang_plaza,ramen,5,5
2026-01-15T11:10:00+09:00,materials,set_meal,1,1
2026-01-15T11:10:00+09:00,materials,single_dish,4,2
2026-01-15T11:10:00+09:00,life_science,dam_a,3,2
2026-01-15T11:10:00+09:00,life_science,pangeos,5,3
2026-01-15T11:11:00+09:00,hanyang_plaza,western,5,2
2026-01-15T11:11:00+09:00,hanyang_plaza,korean,5,2
2026-01-15T11:11:00+09:00,hanyang_plaza,instant,6,4
2026-01-15T11:11:00+09:00,hanyang_plaza,ramen,6,5
2026-01-15T11:11:00+09:00,materials,set_meal,2,2
2026-01-15T11:11:00+09:00,materials,single_dish,3,2
2026-01-15T11:11:00+09:00,life_science,dam_a,1,1
2026-01-15T11:11:00+09:00,life_science,pangeos,2,2
2026-01-15T11:12:00+09:00,hanyang_plaza,western,2,1
2026-01-15T11:12:00+09:00,hanyang_plaza,korean,3,2
2026-01-15T11:12:00+09:00,hanyang_plaza,instant,6,4
2026-01-15T11:12:00+09:00,hanyang_plaza,ramen,5,5
2026-01-15T11:12:00+09:00,materials,set_meal,3,2
2026-01-15T11:12:00+09:00,materials,single_dish,5,3
2026-01-15T11:12:00+09:00,life_science,dam_a,3,2
2026-01-15T11:12:00+09:00,life_science,pangeos,6,4
2026-01-15T11:13:00+09:00,hanyang_plaza,western,3,2
2026-01-15T11:13:00+09:00,hanyang_plaza,korean,4,2
2026-01-15T11:13:00+09:00,hanyang_plaza,instant,4,3
2026-01-15T11:13:00+09:00,hanyang_plaza,ramen,6,5
2026-01-15T11:13:00+09:00,materials,set_meal,4,2
2026-01-15T11:13:00+09:00,materials,single_dish,1,1
2026-01-15T11:13:00+09:00,life_science,dam_a,5,3
2026-01-15T11:13:00+09:00,life_science,pangeos,5,3
2026-01-15T11:14:00+09:00,hanyang_plaza,western,3,2
2026-01-15T11:14:00+09:00,hanyang_plaza,korean,3,2
2026-01-15T11:14:00+09:00,hanyang_plaza,instant,6,4
2026-01-15T11:14:00+09:00,hanyang_plaza,ramen,5,5
2026-01-15T11:14:00+09:00,materials,set_meal,4,2
2026-01-15T11:14:00+09:00,materials,single_dish,4,2
2026-01-15T11:14:00+09:00,life_science,dam_a,6,3
2026-01-15T11:14:00+09:00,life_science,pangeos,5,3
2026-01-15T11:15:00+09:00,hanyang_plaza,western,3,2
2026-01-15T11:15:00+09:00,hanyang_plaza,korean,5,2
2026-01-15T11:15:00+09:00,hanyang_plaza,instant,6,4
2026-01-15T11:15:00+09:00,hanyang_plaza,ramen,8,7
2026-01-15T11:15:00+09:00,materials,set_meal,5,3
2026-01-15T11:15:00+09:00,materials,single_dish,4,2
2026-01-15T11:15:00+09:00,life_science,dam_a,6,3
2026-01-15T11:15:00+09:00,life_science,pangeos,3,2
2026-01-15T11:16:00+09:00,hanyang_plaza,western,4,2
2026-01-15T11:16:00+09:00,hanyang_plaza,korean,4,2
2026-01-15T11:16:00+09:00,hanyang_plaza,instant,5,4
2026-01-15T11:16:00+09:00,hanyang_plaza,ramen,4,4
2026-01-15T11:16:00+09:00,materials,set_meal,4,2
2026-01-15T11:16:00+09:00,materials,single_dish,3,2
2026-01-15T11:16:00+09:00,life_science,dam_a,2,2
2026-01-15T11:16:00+09:00,life_science,pangeos,4,3
2026-01-15T11:17:00+09:00,hanyang_plaza,western,5,2
2026-01-15T11:17:00+09:00,hanyang_plaza,korean,6,3
2026-01-15T11:17:00+09:00,hanyang_plaza,instant,9,5
2026-01-15T11:17:00+09:00,hanyang_plaza,ramen,11,9
2026-01-15T11:17:00+09:00,materials,set_meal,4,2
2026-01-15T11:17:00+09:00,materials,single_dish,2,2
2026-01-15T11:17:00+09:00,life_science,dam_a,1,1
2026-01-15T11:17:00+09:00,life_science,pangeos,6,4
2026-01-15T11:18:00+09:00,hanyang_plaza,western,4,2
2026-01-15T11:18:00+09:00,hanyang_plaza,korean,5,2
2026-01-15T11:18:00+09:00,hanyang_plaza,instant,5,4
2026-01-15T11:18:00+09:00,hanyang_plaza,ramen,7,6
2026-01-15T11:18:00+09:00,materials,set_meal,5,3
2026-01-15T11:18:00+09:00,materials,single_dish,4,2
2026-01-15T11:18:00+09:00,life_science,dam_a,4,2
2026-01-15T11:18:00+09:00,life_science,pangeos,4,3
2026-01-15T11:19:00+09:00,hanyang_plaza,western,2,1
2026-01-15T11:19:00+09:00,hanyang_plaza,korean,5,2
2026-01-15T11:19:00+09:00,hanyang_plaza,instant,6,4
2026-01-15T11:19:00+09:00,hanyang_plaza,ramen,10,8
2026-01-15T11:19:00+09:00,materials,set_meal,4,2
2026-01-15T11:19:00+09:00,materials,single_dish,6,3
2026-01-15T11:19:00+09:00,life_science,dam_a,4,2
2026-01-15T11:19:00+09:00,life_science,pangeos,4,3
2026-01-15T11:20:00+09:00,hanyang_plaza,western,4,2
2026-01-15T11:20:00+09:00,hanyang_plaza,korean,4,2
2026-01-15T11:20:00+09:00,hanyang_plaza,instant,10,6
2026-01-15T11:20:00+09:00,hanyang_plaza,ramen,6,5
2026-01-15T11:20:00+09:00,materials,set_meal,5,3
2026-01-15T11:20:00+09:00,materials,single_dish,3,2
2026-01-15T11:20:00+09:00,life_science,dam_a,6,3
2026-01-15T11:20:00+09:00,life_science,pangeos,6,4
2026-01-15T11:21:00+09:00,hanyang_plaza,western,5,2
2026-01-15T11:21:00+09:00,hanyang_plaza,korean,6,3
2026-01-15T11:21:00+09:00,hanyang_plaza,instant,6,4
2026-01-15T11:21:00+09:00,hanyang_plaza,ramen,8,7
2026-01-15T11:21:00+09:00,materials,set_meal,3,2
2026-01-15T11:21:00+09:00,materials,single_dish,2,2
2026-01-15T11:21:00+09:00,life_science,dam_a,3,2
2026-01-15T11:21:00+09:00,life_science,pangeos,6,4
2026-01-15T11:22:00+09:00,hanyang_plaza,western,8,3
2026-01-15T11:22:00+09:00,hanyang_plaza,korean,6,3
2026-01-15T11:22:00+09:00,hanyang_plaza,instant,7,4
2026-01-15T11:22:00+09:00,hanyang_plaza,ramen,8,7
2026-01-15T11:22:00+09:00,materials,set_meal,6,3
2026-01-15T11:22:00+09:00,materials,single_dish,5,3
2026-01-15T11:22:00+09:00,life_science,dam_a,4,2
2026-01-15T11:22:00+09:00,life_science,pangeos,8,4
2026-01-15T11:23:00+09:00,hanyang_plaza,western,6,2
2026-01-15T11:23:00+09:00,hanyang_plaza,korean,8,3
2026-01-15T11:23:00+09:00,hanyang_plaza,instant,8,5
2026-01-15T11:23:00+09:00,hanyang_plaza,ramen,6,5
2026-01-15T11:23:00+09:00,materials,set_meal,2,2
2026-01-15T11:23:00+09:00,materials,single_dish,7,3
2026-01-15T11:23:00+09:00,life_science,dam_a,8,4
2026-01-15T11:23:00+09:00,life_science,pangeos,6,4
2026-01-15T11:24:00+09:00,hanyang_plaza,western,5,2
2026-01-15T11:24:00+09:00,hanyang_plaza,korean,8,3
2026-01-15T11:24:00+09:00,hanyang_plaza,instant,6,4
2026-01-15T11:24:00+09:00,hanyang_plaza,ramen,7,6
2026-01-15T11:24:00+09:00,materials,set_meal,5,3
2026-01-15T11:24:00+09:00,materials,single_dish,4,2
2026-01-15T11:24:00+09:00,life_science,dam_a,5,3
2026-01-15T11:24:00+09:00,life_science,pangeos,6,4
2026-01-15T11:25:00+09:00,hanyang_plaza,western,6,2
2026-01-15T11:25:00+09:00,hanyang_plaza,korean,9,3
2026-01-15T11:25:00+09:00,hanyang_plaza,instant,8,5
2026-01-15T11:25:00+09:00,hanyang_plaza,ramen,9,7
2026-01-15T11:25:00+09:00,materials,set_meal,1,1
2026-01-15T11:25:00+09:00,materials,single_dish,5,3
2026-01-15T11:25:00+09:00,life_science,dam_a,4,2
2026-01-15T11:25:00+09:00,life_science,pangeos,5,3
2026-01-15T11:26:00+09:00,hanyang_plaza,western,5,2
2026-01-15T11:26:00+09:00,hanyang_plaza,korean,6,3
2026-01-15T11:26:00+09:00,hanyang_plaza,instant,9,5
2026-01-15T11:26:00+09:00,hanyang_plaza,ramen,7,6
2026-01-15T11:26:00+09:00,materials,set_meal,5,3
2026-01-15T11:26:00+09:00,materials,single_dish,4,2
2026-01-15T11:26:00+09:00,life_science,dam_a,5,3
2026-01-15T11:26:00+09:00,life_science,pangeos,8,4
2026-01-15T11:27:00+09:00,hanyang_plaza,western,7,3
2026-01-15T11:27:00+09:00,hanyang_plaza,korean,9,3
2026-01-15T11:27:00+09:00,hanyang_plaza,instant,8,5
2026-01-15T11:27:00+09:00,hanyang_plaza,ramen,8,7
2026-01-15T11:27:00+09:00,materials,set_meal,4,2
2026-01-15T11:27:00+09:00,materials,single_dish,6,3
2026-01-15T11:27:00+09:00,life_science,dam_a,6,3
2026-01-15T11:27:00+09:00,life_science,pangeos,6,4
2026-01-15T11:28:00+09:00,hanyang_plaza,western,7,3
2026-01-15T11:28:00+09:00,hanyang_plaza,korean,7,3
2026-01-15T11:28:00+09:00,hanyang_plaza,instant,12,7
2026-01-15T11:28:00+09:00,hanyang_plaza,ramen,12,9
2026-01-15T11:28:00+09:00,materials,set_meal,4,2
2026-01-15T11:28:00+09:00,materials,single_dish,5,3
2026-01-15T11:28:00+09:00,life_science,dam_a,4,2
2026-01-15T11:28:00+09:00,life_science,pangeos,7,4
2026-01-15T11:29:00+09:00,hanyang_plaza,western,7,3
2026-01-15T11:29:00+09:00,hanyang_plaza,korean,9,3
2026-01-15T11:29:00+09:00,hanyang_plaza,instant,8,5
2026-01-15T11:29:00+09:00,hanyang_plaza,ramen,9,7
2026-01-15T11:29:00+09:00,materials,set_meal,2,2
2026-01-15T11:29:00+09:00,materials,single_dish,5,3
2026-01-15T11:29:00+09:00,life_science,dam_a,5,3
2026-01-15T11:29:00+09:00,life_science,pangeos,7,4
2026-01-15T11:30:00+09:00,hanyang_plaza,western,6,2
2026-01-15T11:30:00+09:00,hanyang_plaza,korean,7,3
2026-01-15T11:30:00+09:00,hanyang_plaza,instant,6,4
2026-01-15T11:30:00+09:00,hanyang_plaza,ramen,8,7
2026-01-15T11:30:00+09:00,materials,set_meal,8,4
2026-01-15T11:30:00+09:00,materials,single_dish,4,2
2026-01-15T11:30:00+09:00,life_science,dam_a,5,3
2026-01-15T11:30:00+09:00,life_science,pangeos,11,6
2026-01-15T11:31:00+09:00,hanyang_plaza,western,11,4
2026-01-15T11:31:00+09:00,hanyang_plaza,korean,6,3
2026-01-15T11:31:00+09:00,hanyang_plaza,instant,9,5
2026-01-15T11:31:00+09:00,hanyang_plaza,ramen,11,9
2026-01-15T11:31:00+09:00,materials,set_meal,8,4
2026-01-15T11:31:00+09:00,materials,single_dish,4,2
2026-01-15T11:31:00+09:00,life_science,dam_a,6,3
2026-01-15T11:31:00+09:00,life_science,pangeos,9,5
2026-01-15T11:32:00+09:00,hanyang_plaza,western,8,3
2026-01-15T11:32:00+09:00,hanyang_plaza,korean,8,3
2026-01-15T11:32:00+09:00,hanyang_plaza,instant,10,6
2026-01-15T11:32:00+09:00,hanyang_plaza,ramen,8,7
2026-01-15T11:32:00+09:00,materials,set_meal,5,3
2026-01-15T11:32:00+09:00,materials,single_dish,6,3
2026-01-15T11:32:00+09:00,life_science,dam_a,7,3
2026-01-15T11:32:00+09:00,life_science,pangeos,8,4
2026-01-15T11:33:00+09:00,hanyang_plaza,western,8,3
2026-01-15T11:33:00+09:00,hanyang_plaza,korean,10,4
2026-01-15T11:33:00+09:00,hanyang_plaza,instant,10,6
2026-01-15T11:33:00+09:00,hanyang_plaza,ramen,11,9
2026-01-15T11:33:00+09:00,materials,set_meal,6,3
2026-01-15T11:33:00+09:00,materials,single_dish,6,3
2026-01-15T11:33:00+09:00,life_science,dam_a,6,3
2026-01-15T11:33:00+09:00,life_science,pangeos,9,5
2026-01-15T11:34:00+09:00,hanyang_plaza,western,8,3
2026-01-15T11:34:00+09:00,hanyang_plaza,korean,12,4
2026-01-15T11:34:00+09:00,hanyang_plaza,instant,13,7
2026-01-15T11:34:00+09:00,hanyang_plaza,ramen,12,9
2026-01-15T11:34:00+09:00,materials,set_meal,5,3
2026-01-15T11:34:00+09:00,materials,single_dish,5,3
2026-01-15T11:34:00+09:00,life_science,dam_a,9,4
2026-01-15T11:34:00+09:00,life_science,pangeos,10,5
2026-01-15T11:35:00+09:00,hanyang_plaza,western,9,3
2026-01-15T11:35:00+09:00,hanyang_plaza,korean,6,3
2026-01-15T11:35:00+09:00,hanyang_plaza,instant,12,7
2026-01-15T11:35:00+09:00,hanyang_plaza,ramen,12,9
2026-01-15T11:35:00+09:00,materials,set_meal,4,2
2026-01-15T11:35:00+09:00,materials,single_dish,6,3
2026-01-15T11:35:00+09:00,life_science,dam_a,8,4
2026-01-15T11:35:00+09:00,life_science,pangeos,10,5
2026-01-15T11:36:00+09:00,hanyang_plaza,western,8,3
2026-01-15T11:36:00+09:00,hanyang_plaza,korean,9,3
2026-01-15T11:36:00+09:00,hanyang_plaza,instant,11,6
2026-01-15T11:36:00+09:00,hanyang_plaza,ramen,12,9
2026-01-15T11:36:00+09:00,materials,set_meal,9,4
2026-01-15T11:36:00+09:00,materials,single_dish,3,2
2026-01-15T11:36:00+09:00,life_science,dam_a,7,3
2026-01-15T11:36:00+09:00,life_science,pangeos,10,5
2026-01-15T11:37:00+09:00,hanyang_plaza,western,9,3
2026-01-15T11:37:00+09:00,hanyang_plaza,korean,9,3
2026-01-15T11:37:00+09:00,hanyang_plaza,instant,9,5
2026-01-15T11:37:00+09:00,hanyang_plaza,ramen,13,10
2026-01-15T11:37:00+09:00,materials,set_meal,9,4
2026-01-15T11:37:00+09:00,materials,single_dish,5,3
2026-01-15T11:37:00+09:00,life_science,dam_a,9,4
2026-01-15T11:37:00+09:00,life_science,pangeos,10,5
2026-01-15T11:38:00+09:00,hanyang_plaza,western,9,3
2026-01-15T11:38:00+09:00,hanyang_plaza,korean,8,3
2026-01-15T11:38:00+09:00,hanyang_plaza,instant,11,6
2026-01-15T11:38:00+09:00,hanyang_plaza,ramen,15,11
2026-01-15T11:38:00+09:00,materials,set_meal,8,4
2026-01-15T11:38:00+09:00,materials,single_dish,10,5
2026-01-15T11:38:00+09:00,life_science,dam_a,10,4
2026-01-15T11:38:00+09:00,life_science,pangeos,11,6
2026-01-15T11:39:00+09:00,hanyang_plaza,western,12,4
2026-01-15T11:39:00+09:00,hanyang_plaza,korean,11,4
2026-01-15T11:39:00+09:00,hanyang_plaza,instant,14,8
2026-01-15T11:39:00+09:00,hanyang_plaza,ramen,13,10
2026-01-15T11:39:00+09:00,materials,set_meal,7,3
2026-01-15T11:39:00+09:00,materials,single_dish,7,3
2026-01-15T11:39:00+09:00,life_science,dam_a,10,4
2026-01-15T11:39:00+09:00,life_science,pangeos,9,5
2026-01-15T11:40:00+09:00,hanyang_plaza,western,11,4
2026-01-15T11:40:00+09:00,hanyang_plaza,korean,10,4
2026-01-15T11:40:00+09:00,hanyang_plaza,instant,15,8
2026-01-15T11:40:00+09:00,hanyang_plaza,ramen,15,11
2026-01-15T11:40:00+09:00,materials,set_meal,10,4
2026-01-15T11:40:00+09:00,materials,single_dish,9,4
2026-01-15T11:40:00+09:00,life_science,dam_a,7,3
2026-01-15T11:40:00+09:00,life_science,pangeos,11,6
2026-01-15T11:41:00+09:00,hanyang_plaza,western,8,3
2026-01-15T11:41:00+09:00,hanyang_plaza,korean,10,4
2026-01-15T11:41:00+09:00,hanyang_plaza,instant,16,9
2026-01-15T11:41:00+09:00,hanyang_plaza,ramen,15,11
2026-01-15T11:41:00+09:00,materials,set_meal,7,3
2026-01-15T11:41:00+09:00,materials,single_dish,7,3
2026-01-15T11:41:00+09:00,life_science,dam_a,9,4
2026-01-15T11:41:00+09:00,life_science,pangeos,10,5
2026-01-15T11:42:00+09:00,hanyang_plaza,western,9,3
2026-01-15T11:42:00+09:00,hanyang_plaza,korean,12,4
2026-01-15T11:42:00+09:00,hanyang_plaza,instant,16,9
2026-01-15T11:42:00+09:00,hanyang_plaza,ramen,16,12
2026-01-15T11:42:00+09:00,materials,set_meal,4,2
2026-01-15T11:42:00+09:00,materials,single_dish,9,4
2026-01-15T11:42:00+09:00,life_science,dam_a,10,4
2026-01-15T11:42:00+09:00,life_science,pangeos,13,7
2026-01-15T11:43:00+09:00,hanyang_plaza,western,13,4
2026-01-15T11:43:00+09:00,hanyang_plaza,korean,9,3
2026-01-15T11:43:00+09:00,hanyang_plaza,instant,13,7
2026-01-15T11:43:00+09:00,hanyang_plaza,ramen,16,12
2026-01-15T11:43:00+09:00,materials,set_meal,6,3
2026-01-15T11:43:00+09:00,materials,single_dish,11,5
2026-01-15T11:43:00+09:00,life_science,dam_a,11,5
2026-01-15T11:43:00+09:00,life_science,pangeos,14,7
2026-01-15T11:44:00+09:00,hanyang_plaza,western,10,3
2026-01-15T11:44:00+09:00,hanyang_plaza,korean,14,5
2026-01-15T11:44:00+09:00,hanyang_plaza,instant,16,9
2026-01-15T11:44:00+09:00,hanyang_plaza,ramen,16,12
2026-01-15T11:44:00+09:00,materials,set_meal,9,4
2026-01-15T11:44:00+09:00,materials,single_dish,10,5
2026-01-15T11:44:00+09:00,life_science,dam_a,9,4
2026-01-15T11:44:00+09:00,life_science,pangeos,13,7
2026-01-15T11:45:00+09:00,hanyang_plaza,western,11,4
2026-01-15T11:45:00+09:00,hanyang_plaza,korean,13,5
2026-01-15T11:45:00+09:00,hanyang_plaza,instant,17,9
2026-01-15T11:45:00+09:00,hanyang_plaza,ramen,15,11
2026-01-15T11:45:00+09:00,materials,set_meal,8,4
2026-01-15T11:45:00+09:00,materials,single_dish,12,5
2026-01-15T11:45:00+09:00,life_science,dam_a,10,4
2026-01-15T11:45:00+09:00,life_science,pangeos,12,6
2026-01-15T11:46:00+09:00,hanyang_plaza,western,12,4
2026-01-15T11:46:00+09:00,hanyang_plaza,korean,14,5
2026-01-15T11:46:00+09:00,hanyang_plaza,instant,16,9
2026-01-15T11:46:00+09:00,hanyang_plaza,ramen,19,14
2026-01-15T11:46:00+09:00,materials,set_meal,10,4
2026-01-15T11:46:00+09:00,materials,single_dish,11,5
2026-01-15T11:46:00+09:00,life_science,dam_a,12,5
2026-01-15T11:46:00+09:00,life_science,pangeos,17,8
2026-01-15T11:47:00+09:00,hanyang_plaza,western,12,4
2026-01-15T11:47:00+09:00,hanyang_plaza,korean,11,4
2026-01-15T11:47:00+09:00,hanyang_plaza,instant,19,10
2026-01-15T11:47:00+09:00,hanyang_plaza,ramen,17,13
2026-01-15T11:47:00+09:00,materials,set_meal,9,4
2026-01-15T11:47:00+09:00,materials,single_dish,12,5
2026-01-15T11:47:00+09:00,life_science,dam_a,9,4
2026-01-15T11:47:00+09:00,life_science,pangeos,12,6
2026-01-15T11:48:00+09:00,hanyang_plaza,western,10,3
2026-01-15T11:48:00+09:00,hanyang_plaza,korean,13,5
2026-01-15T11:48:00+09:00,hanyang_plaza,instant,18,9
2026-01-15T11:48:00+09:00,hanyang_plaza,ramen,19,14
2026-01-15T11:48:00+09:00,materials,set_meal,10,4
2026-01-15T11:48:00+09:00,materials,single_dish,8,4
2026-01-15T11:48:00+09:00,life_science,dam_a,8,4
2026-01-15T11:48:00+09:00,life_science,pangeos,15,7
2026-01-15T11:49:00+09:00,hanyang_plaza,western,12,4
2026-01-15T11:49:00+09:00,hanyang_plaza,korean,15,5
2026-01-15T11:49:00+09:00,hanyang_plaza,instant,19,10
2026-01-15T11:49:00+09:00,hanyang_plaza,ramen,19,14
2026-01-15T11:49:00+09:00,materials,set_meal,11,5
2026-01-15T11:49:00+09:00,materials,single_dish,11,5
2026-01-15T11:49:00+09:00,life_science,dam_a,13,6
2026-01-15T11:49:00+09:00,life_science,pangeos,14,7
2026-01-15T11:50:00+09:00,hanyang_plaza,western,13,4
2026-01-15T11:50:00+09:00,hanyang_plaza,korean,15,5
2026-01-15T11:50:00+09:00,hanyang_plaza,instant,19,10
2026-01-15T11:50:00+09:00,hanyang_plaza,ramen,19,14
2026-01-15T11:50:00+09:00,materials,set_meal,11,5
2026-01-15T11:50:00+09:00,materials,single_dish,11,5
2026-01-15T11:50:00+09:00,life_science,dam_a,12,5
2026-01-15T11:50:00+09:00,life_science,pangeos,17,8
2026-01-15T11:51:00+09:00,hanyang_plaza,western,11,4
2026-01-15T11:51:00+09:00,hanyang_plaza,korean,14,5
2026-01-15T11:51:00+09:00,hanyang_plaza,instant,16,9
2026-01-15T11:51:00+09:00,hanyang_plaza,ramen,17,13
2026-01-15T11:51:00+09:00,materials,set_meal,10,4
2026-01-15T11:51:00+09:00,materials,single_dish,13,6
2026-01-15T11:51:00+09:00,life_science,dam_a,13,6
2026-01-15T11:51:00+09:00,life_science,pangeos,17,8
2026-01-15T11:52:00+09:00,hanyang_plaza,western,16,5
2026-01-15T11:52:00+09:00,hanyang_plaza,korean,18,6
2026-01-15T11:52:00+09:00,hanyang_plaza,instant,19,10
2026-01-15T11:52:00+09:00,hanyang_plaza,ramen,23,17
2026-01-15T11:52:00+09:00,materials,set_meal,11,5
2026-01-15T11:52:00+09:00,materials,single_dish,11,5
2026-01-15T11:52:00+09:00,life_science,dam_a,13,6
2026-01-15T11:52:00+09:00,life_science,pangeos,15,7
2026-01-15T11:53:00+09:00,hanyang_plaza,western,13,4
2026-01-15T11:53:00+09:00,hanyang_plaza,korean,16,5
2026-01-15T11:53:00+09:00,hanyang_plaza,instant,21,11
2026-01-15T11:53:00+09:00,hanyang_plaza,ramen,24,17
2026-01-15T11:53:00+09:00,materials,set_meal,9,4
2026-01-15T11:53:00+09:00,materials,single_dish,13,6
2026-01-15T11:53:00+09:00,life_science,dam_a,12,5
2026-01-15T11:53:00+09:00,life_science,pangeos,18,9
2026-01-15T11:54:00+09:00,hanyang_plaza,western,15,5
2026-01-15T11:54:00+09:00,hanyang_plaza,korean,14,5
2026-01-15T11:54:00+09:00,hanyang_plaza,instant,22,11
2026-01-15T11:54:00+09:00,hanyang_plaza,ramen,21,15
2026-01-15T11:54:00+09:00,materials,set_meal,11,5
2026-01-15T11:54:00+09:00,materials,single_dish,11,5
2026-01-15T11:54:00+09:00,life_science,dam_a,13,6
2026-01-15T11:54:00+09:00,life_science,pangeos,18,9
2026-01-15T11:55:00+09:00,hanyang_plaza,western,15,5
2026-01-15T11:55:00+09:00,hanyang_plaza,korean,18,6
2026-01-15T11:55:00+09:00,hanyang_plaza,instant,21,11
2026-01-15T11:55:00+09:00,hanyang_plaza,ramen,25,18
2026-01-15T11:55:00+09:00,materials,set_meal,11,5
2026-01-15T11:55:00+09:00,materials,single_dish,11,5
2026-01-15T11:55:00+09:00,life_science,dam_a,16,7
2026-01-15T11:55:00+09:00,life_science,pangeos,18,9
2026-01-15T11:56:00+09:00,hanyang_plaza,western,18,5
2026-01-15T11:56:00+09:00,hanyang_plaza,korean,18,6
2026-01-15T11:56:00+09:00,hanyang_plaza,instant,21,11
2026-01-15T11:56:00+09:00,hanyang_plaza,ramen,24,17
2026-01-15T11:56:00+09:00,materials,set_meal,15,6
2026-01-15T11:56:00+09:00,materials,single_dish,16,7
2026-01-15T11:56:00+09:00,life_science,dam_a,15,6
2026-01-15T11:56:00+09:00,life_science,pangeos,19,9
2026-01-15T11:57:00+09:00,hanyang_plaza,western,18,5
2026-01-15T11:57:00+09:00,hanyang_plaza,korean,17,6
2026-01-15T11:57:00+09:00,hanyang_plaza,instant,22,11
2026-01-15T11:57:00+09:00,hanyang_plaza,ramen,24,17
2026-01-15T11:57:00+09:00,materials,set_meal,13,5
2026-01-15T11:57:00+09:00,materials,single_dish,12,5
2026-01-15T11:57:00+09:00,life_science,dam_a,13,6
2026-01-15T11:57:00+09:00,life_science,pangeos,16,8
2026-01-15T11:58:00+09:00,hanyang_plaza,western,15,5
2026-01-15T11:58:00+09:00,hanyang_plaza,korean,18,6
2026-01-15T11:58:00+09:00,hanyang_plaza,instant,22,11
2026-01-15T11:58:00+09:00,hanyang_plaza,ramen,27,19
2026-01-15T11:58:00+09:00,materials,set_meal,14,6
2026-01-15T11:58:00+09:00,materials,single_dish,13,6
2026-01-15T11:58:00+09:00,life_science,dam_a,16,7
2026-01-15T11:58:00+09:00,life_science,pangeos,19,9
2026-01-15T11:59:00+09:00,hanyang_plaza,western,17,5
2026-01-15T11:59:00+09:00,hanyang_plaza,korean,19,6
2026-01-15T11:59:00+09:00,hanyang_plaza,instant,24,12
2026-01-15T11:59:00+09:00,hanyang_plaza,ramen,24,17
2026-01-15T11:59:00+09:00,materials,set_meal,15,6
2026-01-15T11:59:00+09:00,materials,single_dish,13,6
2026-01-15T11:59:00+09:00,life_science,dam_a,16,7
2026-01-15T11:59:00+09:00,life_science,pangeos,24,11
2026-01-15T12:00:00+09:00,hanyang_plaza,western,18,5
2026-01-15T12:00:00+09:00,hanyang_plaza,korean,22,7
2026-01-15T12:00:00+09:00,hanyang_plaza,instant,24,12
2026-01-15T12:00:00+09:00,hanyang_plaza,ramen,26,19
2026-01-15T12:00:00+09:00,materials,set_meal,13,5
2026-01-15T12:00:00+09:00,materials,single_dish,14,6
2026-01-15T12:00:00+09:00,life_science,dam_a,15,6
2026-01-15T12:00:00+09:00,life_science,pangeos,21,10
2026-01-15T12:01:00+09:00,hanyang_plaza,western,17,5
2026-01-15T12:01:00+09:00,hanyang_plaza,korean,21,7
2026-01-15T12:01:00+09:00,hanyang_plaza,instant,26,13
2026-01-15T12:01:00+09:00,hanyang_plaza,ramen,27,19
2026-01-15T12:01:00+09:00,materials,set_meal,13,5
2026-01-15T12:01:00+09:00,materials,single_dish,16,7
2026-01-15T12:01:00+09:00,life_science,dam_a,16,7
2026-01-15T12:01:00+09:00,life_science,pangeos,22,10
2026-01-15T12:02:00+09:00,hanyang_plaza,western,16,5
2026-01-15T12:02:00+09:00,hanyang_plaza,korean,20,7
2026-01-15T12:02:00+09:00,hanyang_plaza,instant,21,11
2026-01-15T12:02:00+09:00,hanyang_plaza,ramen,24,17
2026-01-15T12:02:00+09:00,materials,set_meal,16,6
2026-01-15T12:02:00+09:00,materials,single_dish,17,7
2026-01-15T12:02:00+09:00,life_science,dam_a,16,7
2026-01-15T12:02:00+09:00,life_science,pangeos,19,9
2026-01-15T12:03:00+09:00,hanyang_plaza,western,14,4
2026-01-15T12:03:00+09:00,hanyang_plaza,korean,20,7
2026-01-15T12:03:00+09:00,hanyang_plaza,instant,28,14
2026-01-15T12:03:00+09:00,hanyang_plaza,ramen,28,20
2026-01-15T12:03:00+09:00,materials,set_meal,13,5
2026-01-15T12:03:00+09:00,materials,single_dish,16,7
2026-01-15T12:03:00+09:00,life_science,dam_a,15,6
2026-01-15T12:03:00+09:00,life_science,pangeos,21,10
2026-01-15T12:04:00+09:00,hanyang_plaza,western,19,6
2026-01-15T12:04:00+09:00,hanyang_plaza,korean,21,7
2026-01-15T12:04:00+09:00,hanyang_plaza,instant,26,13
2026-01-15T12:04:00+09:00,hanyang_plaza,ramen,28,20
2026-01-15T12:04:00+09:00,materials,set_meal,15,6
2026-01-15T12:04:00+09:00,materials,single_dish,15,6
2026-01-15T12:04:00+09:00,life_science,dam_a,19,8
2026-01-15T12:04:00+09:00,life_science,pangeos,25,12
2026-01-15T12:05:00+09:00,hanyang_plaza,western,18,5
2026-01-15T12:05:00+09:00,hanyang_plaza,korean,20,7
2026-01-15T12:05:00+09:00,hanyang_plaza,instant,28,14
2026-01-15T12:05:00+09:00,hanyang_plaza,ramen,27,19
2026-01-15T12:05:00+09:00,materials,set_meal,17,7
2026-01-15T12:05:00+09:00,materials,single_dish,15,6
2026-01-15T12:05:00+09:00,life_science,dam_a,20,8
2026-01-15T12:05:00+09:00,life_science,pangeos,23,11
2026-01-15T12:06:00+09:00,hanyang_plaza,western,20,6
2026-01-15T12:06:00+09:00,hanyang_plaza,korean,24,8
2026-01-15T12:06:00+09:00,hanyang_plaza,instant,25,13
2026-01-15T12:06:00+09:00,hanyang_plaza,ramen,27,19
2026-01-15T12:06:00+09:00,materials,set_meal,14,6
2026-01-15T12:06:00+09:00,materials,single_dish,17,7
2026-01-15T12:06:00+09:00,life_science,dam_a,16,7
2026-01-15T12:06:00+09:00,life_science,pangeos,24,11
2026-01-15T12:07:00+09:00,hanyang_plaza,western,19,6
2026-01-15T12:07:00+09:00,hanyang_plaza,korean,24,8
2026-01-15T12:07:00+09:00,hanyang_plaza,instant,23,12
2026-01-15T12:07:00+09:00,hanyang_plaza,ramen,27,19
2026-01-15T12:07:00+09:00,materials,set_meal,12,5
2026-01-15T12:07:00+09:00,materials,single_dish,15,6
2026-01-15T12:07:00+09:00,life_science,dam_a,19,8
2026-01-15T12:07:00+09:00,life_science,pangeos,23,11
2026-01-15T12:08:00+09:00,hanyang_plaza,western,19,6
2026-01-15T12:08:00+09:00,hanyang_plaza,korean,22,7
2026-01-15T12:08:00+09:00,hanyang_plaza,instant,27,14
2026-01-15T12:08:00+09:00,hanyang_plaza,ramen,27,19
2026-01-15T12:08:00+09:00,materials,set_meal,16,6
2026-01-15T12:08:00+09:00,materials,single_dish,17,7
2026-01-15T12:08:00+09:00,life_science,dam_a,19,8
2026-01-15T12:08:00+09:00,life_science,pangeos,24,11
2026-01-15T12:09:00+09:00,hanyang_plaza,western,20,6
2026-01-15T12:09:00+09:00,hanyang_plaza,korean,25,8
2026-01-15T12:09:00+09:00,hanyang_plaza,instant,26,13
2026-01-15T12:09:00+09:00,hanyang_plaza,ramen,28,20
2026-01-15T12:09:00+09:00,materials,set_meal,14,6
2026-01-15T12:09:00+09:00,materials,single_dish,15,6
2026-01-15T12:09:00+09:00,life_science,dam_a,17,7
2026-01-15T12:09:00+09:00,life_science,pangeos,22,10
2026-01-15T12:10:00+09:00,hanyang_plaza,western,20,6
2026-01-15T12:10:00+09:00,hanyang_plaza,korean,23,7
2026-01-15T12:10:00+09:00,hanyang_plaza,instant,27,14
2026-01-15T12:10:00+09:00,hanyang_plaza,ramen,28,20
2026-01-15T12:10:00+09:00,materials,set_meal,16,6
2026-01-15T12:10:00+09:00,materials,single_dish,18,8
2026-01-15T12:10:00+09:00,life_science,dam_a,18,7
2026-01-15T12:10:00+09:00,life_science,pangeos,22,10
2026-01-15T12:11:00+09:00,hanyang_plaza,western,21,6
2026-01-15T12:11:00+09:00,hanyang_plaza,korean,23,7
2026-01-15T12:11:00+09:00,hanyang_plaza,instant,25,13
2026-01-15T12:11:00+09:00,hanyang_plaza,ramen,28,20
2026-01-15T12:11:00+09:00,materials,set_meal,16,6
2026-01-15T12:11:00+09:00,materials,single_dish,15,6
2026-01-15T12:11:00+09:00,life_science,dam_a,19,8
2026-01-15T12:11:00+09:00,life_science,pangeos,21,10
2026-01-15T12:12:00+09:00,hanyang_plaza,western,22,6
2026-01-15T12:12:00+09:00,hanyang_plaza,korean,24,8
2026-01-15T12:12:00+09:00,hanyang_plaza,instant,26,13
2026-01-15T12:12:00+09:00,hanyang_plaza,ramen,28,20
2026-01-15T12:12:00+09:00,materials,set_meal,12,5
2026-01-15T12:12:00+09:00,materials,single_dish,15,6
2026-01-15T12:12:00+09:00,life_science,dam_a,18,7
2026-01-15T12:12:00+09:00,life_science,pangeos,22,10
2026-01-15T12:13:00+09:00,hanyang_plaza,western,21,6
2026-01-15T12:13:00+09:00,hanyang_plaza,korean,25,8
2026-01-15T12:13:00+09:00,hanyang_plaza,instant,25,13
2026-01-15T12:13:00+09:00,hanyang_plaza,ramen,28,20
2026-01-15T12:13:00+09:00,materials,set_meal,16,6
2026-01-15T12:13:00+09:00,materials,single_dish,19,8
2026-01-15T12:13:00+09:00,life_science,dam_a,17,7
2026-01-15T12:13:00+09:00,life_science,pangeos,24,11
2026-01-15T12:14:00+09:00,hanyang_plaza,western,23,7
2026-01-15T12:14:00+09:00,hanyang_plaza,korean,20,7
2026-01-15T12:14:00+09:00,hanyang_plaza,instant,25,13
2026-01-15T12:14:00+09:00,hanyang_plaza,ramen,28,20
2026-01-15T12:14:00+09:00,materials,set_meal,14,6
2026-01-15T12:14:00+09:00,materials,single_dish,18,8
2026-01-15T12:14:00+09:00,life_science,dam_a,19,8
2026-01-15T12:14:00+09:00,life_science,pangeos,21,10
2026-01-15T12:15:00+09:00,hanyang_plaza,western,21,6
2026-01-15T12:15:00+09:00,hanyang_plaza,korean,21,7
2026-01-15T12:15:00+09:00,hanyang_plaza,instant,28,14
2026-01-15T12:15:00+09:00,hanyang_plaza,ramen,28,20
2026-01-15T12:15:00+09:00,materials,set_meal,14,6
2026-01-15T12:15:00+09:00,materials,single_dish,17,7
2026-01-15T12:15:00+09:00,life_science,dam_a,20,8
2026-01-15T12:15:00+09:00,life_science,pangeos,24,11
2026-01-15T12:16:00+09:00,hanyang_plaza,western,17,5
2026-01-15T12:16:00+09:00,hanyang_plaza,korean,23,7
2026-01-15T12:16:00+09:00,hanyang_plaza,instant,25,13
2026-01-15T12:16:00+09:00,hanyang_plaza,ramen,28,20
2026-01-15T12:16:00+09:00,materials,set_meal,13,5
2026-01-15T12:16:00+09:00,materials,single_dish,17,7
2026-01-15T12:16:00+09:00,life_science,dam_a,17,7
2026-01-15T12:16:00+09:00,life_science,pangeos,21,10
2026-01-15T12:17:00+09:00,hanyang_plaza,western,21,6
2026-01-15T12:17:00+09:00,hanyang_plaza,korean,22,7
2026-01-15T12:17:00+09:00,hanyang_plaza,instant,25,13
2026-01-15T12:17:00+09:00,hanyang_plaza,ramen,28,20
2026-01-15T12:17:00+09:00,materials,set_meal,14,6
2026-01-15T12:17:00+09:00,materials,single_dish,16,7
2026-01-15T12:17:00+09:00,life_science,dam_a,19,8
2026-01-15T12:17:00+09:00,life_science,pangeos,22,10
2026-01-15T12:18:00+09:00,hanyang_plaza,western,20,6
2026-01-15T12:18:00+09:00,hanyang_plaza,korean,21,7
2026-01-15T12:18:00+09:00,hanyang_plaza,instant,25,13
2026-01-15T12:18:00+09:00,hanyang_plaza,ramen,28,20
2026-01-15T12:18:00+09:00,materials,set_meal,13,5
2026-01-15T12:18:00+09:00,materials,single_dish,13,6
2026-01-15T12:18:00+09:00,life_science,dam_a,21,8
2026-01-15T12:18:00+09:00,life_science,pangeos,27,13
2026-01-15T12:19:00+09:00,hanyang_plaza,western,19,6
2026-01-15T12:19:00+09:00,hanyang_plaza,korean,19,6
2026-01-15T12:19:00+09:00,hanyang_plaza,instant,25,13
2026-01-15T12:19:00+09:00,hanyang_plaza,ramen,27,19
2026-01-15T12:19:00+09:00,materials,set_meal,14,6
2026-01-15T12:19:00+09:00,materials,single_dish,14,6
2026-01-15T12:19:00+09:00,life_science,dam_a,19,8
2026-01-15T12:19:00+09:00,life_science,pangeos,23,11
2026-01-15T12:20:00+09:00,hanyang_plaza,western,17,5
2026-01-15T12:20:00+09:00,hanyang_plaza,korean,22,7
2026-01-15T12:20:00+09:00,hanyang_plaza,instant,28,14
2026-01-15T12:20:00+09:00,hanyang_plaza,ramen,28,20
2026-01-15T12:20:00+09:00,materials,set_meal,14,6
2026-01-15T12:20:00+09:00,materials,single_dish,16,7
2026-01-15T12:20:00+09:00,life_science,dam_a,19,8
2026-01-15T12:20:00+09:00,life_science,pangeos,20,10
2026-01-15T12:21:00+09:00,hanyang_plaza,western,19,6
2026-01-15T12:21:00+09:00,hanyang_plaza,korean,20,7
2026-01-15T12:21:00+09:00,hanyang_plaza,instant,28,14
2026-01-15T12:21:00+09:00,hanyang_plaza,ramen,27,19
2026-01-15T12:21:00+09:00,materials,set_meal,17,7
2026-01-15T12:21:00+09:00,materials,single_dish,14,6
2026-01-15T12:21:00+09:00,life_science,dam_a,18,7
2026-01-15T12:21:00+09:00,life_science,pangeos,22,10
2026-01-15T12:22:00+09:00,hanyang_plaza,western,17,5
2026-01-15T12:22:00+09:00,hanyang_plaza,korean,21,7
2026-01-15T12:22:00+09:00,hanyang_plaza,instant,26,13
2026-01-15T12:22:00+09:00,hanyang_plaza,ramen,26,19
2026-01-15T12:22:00+09:00,materials,set_meal,11,5
2026-01-15T12:22:00+09:00,materials,single_dish,15,6
2026-01-15T12:22:00+09:00,life_science,dam_a,16,7
2026-01-15T12:22:00+09:00,life_science,pangeos,21,10
2026-01-15T12:23:00+09:00,hanyang_plaza,western,18,5
2026-01-15T12:23:00+09:00,hanyang_plaza,korean,18,6
2026-01-15T12:23:00+09:00,hanyang_plaza,instant,22,11
2026-01-15T12:23:00+09:00,hanyang_plaza,ramen,27,19
2026-01-15T12:23:00+09:00,materials,set_meal,13,5
2026-01-15T12:23:00+09:00,materials,single_dish,11,5
2026-01-15T12:23:00+09:00,life_science,dam_a,18,7
2026-01-15T12:23:00+09:00,life_science,pangeos,22,10
2026-01-15T12:24:00+09:00,hanyang_plaza,western,17,5
2026-01-15T12:24:00+09:00,hanyang_plaza,korean,18,6
2026-01-15T12:24:00+09:00,hanyang_plaza,instant,25,13
2026-01-15T12:24:00+09:00,hanyang_plaza,ramen,26,19
2026-01-15T12:24:00+09:00,materials,set_meal,17,7
2026-01-15T12:24:00+09:00,materials,single_dish,15,6
2026-01-15T12:24:00+09:00,life_science,dam_a,17,7
2026-01-15T12:24:00+09:00,life_science,pangeos,20,10
2026-01-15T12:25:00+09:00,hanyang_plaza,western,19,6
2026-01-15T12:25:00+09:00,hanyang_plaza,korean,20,7
2026-01-15T12:25:00+09:00,hanyang_plaza,instant,25,13
2026-01-15T12:25:00+09:00,hanyang_plaza,ramen,24,17
2026-01-15T12:25:00+09:00,materials,set_meal,12,5
2026-01-15T12:25:00+09:00,materials,single_dish,14,6
2026-01-15T12:25:00+09:00,life_science,dam_a,17,7
2026-01-15T12:25:00+09:00,life_science,pangeos,22,10
2026-01-15T12:26:00+09:00,hanyang_plaza,western,16,5
2026-01-15T12:26:00+09:00,hanyang_plaza,korean,18,6
2026-01-15T12:26:00+09:00,hanyang_plaza,instant,23,12
2026-01-15T12:26:00+09:00,hanyang_plaza,ramen,24,17
2026-01-15T12:26:00+09:00,materials,set_meal,14,6
2026-01-15T12:26:00+09:00,materials,single_dish,11,5
2026-01-15T12:26:00+09:00,life_science,dam_a,15,6
2026-01-15T12:26:00+09:00,life_science,pangeos,19,9
2026-01-15T12:27:00+09:00,hanyang_plaza,western,13,4
2026-01-15T12:27:00+09:00,hanyang_plaza,korean,17,6
2026-01-15T12:27:00+09:00,hanyang_plaza,instant,21,11
2026-01-15T12:27:00+09:00,hanyang_plaza,ramen,23,17
2026-01-15T12:27:00+09:00,materials,set_meal,14,6
2026-01-15T12:27:00+09:00,materials,single_dish,13,6
2026-01-15T12:27:00+09:00,life_science,dam_a,14,6
2026-01-15T12:27:00+09:00,life_science,pangeos,19,9
2026-01-15T12:28:00+09:00,hanyang_plaza,western,18,5
2026-01-15T12:28:00+09:00,hanyang_plaza,korean,16,5
2026-01-15T12:28:00+09:00,hanyang_plaza,instant,20,10
2026-01-15T12:28:00+09:00,hanyang_plaza,ramen,24,17
2026-01-15T12:28:00+09:00,materials,set_meal,12,5
2026-01-15T12:28:00+09:00,materials,single_dish,14,6
2026-01-15T12:28:00+09:00,life_science,dam_a,15,6
2026-01-15T12:28:00+09:00,life_science,pangeos,20,10
2026-01-15T12:29:00+09:00,hanyang_plaza,western,14,4
2026-01-15T12:29:00+09:00,hanyang_plaza,korean,17,6
2026-01-15T12:29:00+09:00,hanyang_plaza,instant,20,10
2026-01-15T12:29:00+09:00,hanyang_plaza,ramen,21,15
2026-01-15T12:29:00+09:00,materials,set_meal,9,4
2026-01-15T12:29:00+09:00,materials,single_dish,14,6
2026-01-15T12:29:00+09:00,life_science,dam_a,14,6
2026-01-15T12:29:00+09:00,life_science,pangeos,17,8
2026-01-15T12:30:00+09:00,hanyang_plaza,western,15,5
2026-01-15T12:30:00+09:00,hanyang_plaza,korean,18,6
2026-01-15T12:30:00+09:00,hanyang_plaza,instant,17,9
2026-01-15T12:30:00+09:00,hanyang_plaza,ramen,19,14
2026-01-15T12:30:00+09:00,materials,set_meal,10,4
2026-01-15T12:30:00+09:00,materials,single_dish,15,6
2026-01-15T12:30:00+09:00,life_science,dam_a,14,6
2026-01-15T12:30:00+09:00,life_science,pangeos,19,9
2026-01-15T12:31:00+09:00,hanyang_plaza,western,13,4
2026-01-15T12:31:00+09:00,hanyang_plaza,korean,14,5
2026-01-15T12:31:00+09:00,hanyang_plaza,instant,20,10
2026-01-15T12:31:00+09:00,hanyang_plaza,ramen,21,15
2026-01-15T12:31:00+09:00,materials,set_meal,12,5
2026-01-15T12:31:00+09:00,materials,single_dish,12,5
2026-01-15T12:31:00+09:00,life_science,dam_a,14,6
2026-01-15T12:31:00+09:00,life_science,pangeos,17,8
2026-01-15T12:32:00+09:00,hanyang_plaza,western,15,5
2026-01-15T12:32:00+09:00,hanyang_plaza,korean,17,6
2026-01-15T12:32:00+09:00,hanyang_plaza,instant,16,9
2026-01-15T12:32:00+09:00,hanyang_plaza,ramen,17,13
2026-01-15T12:32:00+09:00,materials,set_meal,12,5
2026-01-15T12:32:00+09:00,materials,single_dish,13,6
2026-01-15T12:32:00+09:00,life_science,dam_a,12,5
2026-01-15T12:32:00+09:00,life_science,pangeos,14,7
2026-01-15T12:33:00+09:00,hanyang_plaza,western,14,4
2026-01-15T12:33:00+09:00,hanyang_plaza,korean,16,5
2026-01-15T12:33:00+09:00,hanyang_plaza,instant,21,11
2026-01-15T12:33:00+09:00,hanyang_plaza,ramen,20,15
2026-01-15T12:33:00+09:00,materials,set_meal,10,4
2026-01-15T12:33:00+09:00,materials,single_dish,10,5
2026-01-15T12:33:00+09:00,life_science,dam_a,13,6
2026-01-15T12:33:00+09:00,life_science,pangeos,15,7
2026-01-15T12:34:00+09:00,hanyang_plaza,western,11,4
2026-01-15T12:34:00+09:00,hanyang_plaza,korean,18,6
2026-01-15T12:34:00+09:00,hanyang_plaza,instant,20,10
2026-01-15T12:34:00+09:00,hanyang_plaza,ramen,21,15
2026-01-15T12:34:00+09:00,materials,set_meal,8,4
2026-01-15T12:34:00+09:00,materials,single_dish,12,5
2026-01-15T12:34:00+09:00,life_science,dam_a,13,6
2026-01-15T12:34:00+09:00,life_science,pangeos,16,8
2026-01-15T12:35:00+09:00,hanyang_plaza,western,14,4
2026-01-15T12:35:00+09:00,hanyang_plaza,korean,15,5
2026-01-15T12:35:00+09:00,hanyang_plaza,instant,18,9
2026-01-15T12:35:00+09:00,hanyang_plaza,ramen,19,14
2026-01-15T12:35:00+09:00,materials,set_meal,10,4
2026-01-15T12:35:00+09:00,materials,single_dish,8,4
2026-01-15T12:35:00+09:00,life_science,dam_a,12,5
2026-01-15T12:35:00+09:00,life_science,pangeos,14,7
2026-01-15T12:36:00+09:00,hanyang_plaza,western,10,3
2026-01-15T12:36:00+09:00,hanyang_plaza,korean,16,5
2026-01-15T12:36:00+09:00,hanyang_plaza,instant,19,10
2026-01-15T12:36:00+09:00,hanyang_plaza,ramen,19,14
2026-01-15T12:36:00+09:00,materials,set_meal,9,4
2026-01-15T12:36:00+09:00,materials,single_dish,12,5
2026-01-15T12:36:00+09:00,life_science,dam_a,11,5
2026-01-15T12:36:00+09:00,life_science,pangeos,14,7
2026-01-15T12:37:00+09:00,hanyang_plaza,western,10,3
2026-01-15T12:37:00+09:00,hanyang_plaza,korean,13,5
2026-01-15T12:37:00+09:00,hanyang_plaza,instant,15,8
2026-01-15T12:37:00+09:00,hanyang_plaza,ramen,15,11
2026-01-15T12:37:00+09:00,materials,set_meal,9,4
2026-01-15T12:37:00+09:00,materials,single_dish,9,4
2026-01-15T12:37:00+09:00,life_science,dam_a,13,6
2026-01-15T12:37:00+09:00,life_science,pangeos,15,7
2026-01-15T12:38:00+09:00,hanyang_plaza,western,11,4
2026-01-15T12:38:00+09:00,hanyang_plaza,korean,13,5
2026-01-15T12:38:00+09:00,hanyang_plaza,instant,15,8
2026-01-15T12:38:00+09:00,hanyang_plaza,ramen,16,12
2026-01-15T12:38:00+09:00,materials,set_meal,7,3
2026-01-15T12:38:00+09:00,materials,single_dish,9,4
2026-01-15T12:38:00+09:00,life_science,dam_a,9,4
2026-01-15T12:38:00+09:00,life_science,pangeos,11,6
2026-01-15T12:39:00+09:00,hanyang_plaza,western,11,4
2026-01-15T12:39:00+09:00,hanyang_plaza,korean,12,4
2026-01-15T12:39:00+09:00,hanyang_plaza,instant,11,6
2026-01-15T12:39:00+09:00,hanyang_plaza,ramen,15,11
2026-01-15T12:39:00+09:00,materials,set_meal,9,4
2026-01-15T12:39:00+09:00,materials,single_dish,10,5
2026-01-15T12:39:00+09:00,life_science,dam_a,11,5
2026-01-15T12:39:00+09:00,life_science,pangeos,12,6
2026-01-15T12:40:00+09:00,hanyang_plaza,western,9,3
2026-01-15T12:40:00+09:00,hanyang_plaza,korean,10,4
2026-01-15T12:40:00+09:00,hanyang_plaza,instant,14,8
2026-01-15T12:40:00+09:00,hanyang_plaza,ramen,15,11
2026-01-15T12:40:00+09:00,materials,set_meal,10,4
2026-01-15T12:40:00+09:00,materials,single_dish,10,5
2026-01-15T12:40:00+09:00,life_science,dam_a,9,4
2026-01-15T12:40:00+09:00,life_science,pangeos,10,5
2026-01-15T12:41:00+09:00,hanyang_plaza,western,9,3
2026-01-15T12:41:00+09:00,hanyang_plaza,korean,11,4
2026-01-15T12:41:00+09:00,hanyang_plaza,instant,12,7
2026-01-15T12:41:00+09:00,hanyang_plaza,ramen,13,10
2026-01-15T12:41:00+09:00,materials,set_meal,8,4
2026-01-15T12:41:00+09:00,materials,single_dish,7,3
2026-01-15T12:41:00+09:00,life_science,dam_a,8,4
2026-01-15T12:41:00+09:00,life_science,pangeos,12,6
2026-01-15T12:42:00+09:00,hanyang_plaza,western,9,3
2026-01-15T12:42:00+09:00,hanyang_plaza,korean,11,4
2026-01-15T12:42:00+09:00,hanyang_plaza,instant,13,7
2026-01-15T12:42:00+09:00,hanyang_plaza,ramen,11,9
2026-01-15T12:42:00+09:00,materials,set_meal,6,3
2026-01-15T12:42:00+09:00,materials,single_dish,10,5
2026-01-15T12:42:00+09:00,life_science,dam_a,7,3
2026-01-15T12:42:00+09:00,life_science,pangeos,7,4
2026-01-15T12:43:00+09:00,hanyang_plaza,western,6,2
2026-01-15T12:43:00+09:00,hanyang_plaza,korean,10,4
2026-01-15T12:43:00+09:00,hanyang_plaza,instant,12,7
2026-01-15T12:43:00+09:00,hanyang_plaza,ramen,12,9
2026-01-15T12:43:00+09:00,materials,set_meal,8,4
2026-01-15T12:43:00+09:00,materials,single_dish,3,2
2026-01-15T12:43:00+09:00,life_science,dam_a,9,4
2026-01-15T12:43:00+09:00,life_science,pangeos,12,6
2026-01-15T12:44:00+09:00,hanyang_plaza,western,7,3
2026-01-15T12:44:00+09:00,hanyang_plaza,korean,9,3
2026-01-15T12:44:00+09:00,hanyang_plaza,instant,10,6
2026-01-15T12:44:00+09:00,hanyang_plaza,ramen,11,9
2026-01-15T12:44:00+09:00,materials,set_meal,6,3
2026-01-15T12:44:00+09:00,materials,single_dish,9,4
2026-01-15T12:44:00+09:00,life_science,dam_a,10,4
2026-01-15T12:44:00+09:00,life_science,pangeos,9,5
2026-01-15T12:45:00+09:00,hanyang_plaza,western,11,4
2026-01-15T12:45:00+09:00,hanyang_plaza,korean,9,3
2026-01-15T12:45:00+09:00,hanyang_plaza,instant,13,7
2026-01-15T12:45:00+09:00,hanyang_plaza,ramen,11,9
2026-01-15T12:45:00+09:00,materials,set_meal,6,3
2026-01-15T12:45:00+09:00,materials,single_dish,7,3
2026-01-15T12:45:00+09:00,life_science,dam_a,12,5
2026-01-15T12:45:00+09:00,life_science,pangeos,10,5
2026-01-15T12:46:00+09:00,hanyang_plaza,western,6,2
2026-01-15T12:46:00+09:00,hanyang_plaza,korean,10,4
2026-01-15T12:46:00+09:00,hanyang_plaza,instant,9,5
2026-01-15T12:46:00+09:00,hanyang_plaza,ramen,10,8
2026-01-15T12:46:00+09:00,materials,set_meal,7,3
2026-01-15T12:46:00+09:00,materials,single_dish,6,3
2026-01-15T12:46:00+09:00,life_science,dam_a,7,3
2026-01-15T12:46:00+09:00,life_science,pangeos,9,5
2026-01-15T12:47:00+09:00,hanyang_plaza,western,8,3
2026-01-15T12:47:00+09:00,hanyang_plaza,korean,9,3
2026-01-15T12:47:00+09:00,hanyang_plaza,instant,7,4
2026-01-15T12:47:00+09:00,hanyang_plaza,ramen,11,9
2026-01-15T12:47:00+09:00,materials,set_meal,4,2
2026-01-15T12:47:00+09:00,materials,single_dish,4,2
2026-01-15T12:47:00+09:00,life_science,dam_a,7,3
2026-01-15T12:47:00+09:00,life_science,pangeos,8,4
2026-01-15T12:48:00+09:00,hanyang_plaza,western,6,2
2026-01-15T12:48:00+09:00,hanyang_plaza,korean,9,3
2026-01-15T12:48:00+09:00,hanyang_plaza,instant,7,4
2026-01-15T12:48:00+09:00,hanyang_plaza,ramen,9,7
2026-01-15T12:48:00+09:00,materials,set_meal,4,2
2026-01-15T12:48:00+09:00,materials,single_dish,6,3
2026-01-15T12:48:00+09:00,life_science,dam_a,7,3
2026-01-15T12:48:00+09:00,life_science,pangeos,6,4
2026-01-15T12:49:00+09:00,hanyang_plaza,western,8,3
2026-01-15T12:49:00+09:00,hanyang_plaza,korean,7,3
2026-01-15T12:49:00+09:00,hanyang_plaza,instant,6,4
2026-01-15T12:49:00+09:00,hanyang_plaza,ramen,6,5
2026-01-15T12:49:00+09:00,materials,set_meal,5,3
2026-01-15T12:49:00+09:00,materials,single_dish,5,3
2026-01-15T12:49:00+09:00,life_science,dam_a,6,3
2026-01-15T12:49:00+09:00,life_science,pangeos,7,4
2026-01-15T12:50:00+09:00,hanyang_plaza,western,6,2
2026-01-15T12:50:00+09:00,hanyang_plaza,korean,8,3
2026-01-15T12:50:00+09:00,hanyang_plaza,instant,7,4
2026-01-15T12:50:00+09:00,hanyang_plaza,ramen,7,6
2026-01-15T12:50:00+09:00,materials,set_meal,3,2
2026-01-15T12:50:00+09:00,materials,single_dish,6,3
2026-01-15T12:50:00+09:00,life_science,dam_a,8,4
2026-01-15T12:50:00+09:00,life_science,pangeos,7,4
2026-01-15T12:51:00+09:00,hanyang_plaza,western,2,1
2026-01-15T12:51:00+09:00,hanyang_plaza,korean,4,2
2026-01-15T12:51:00+09:00,hanyang_plaza,instant,7,4
2026-01-15T12:51:00+09:00,hanyang_plaza,ramen,8,7
2026-01-15T12:51:00+09:00,materials,set_meal,4,2
2026-01-15T12:51:00+09:00,materials,single_dish,5,3
2026-01-15T12:51:00+09:00,life_science,dam_a,5,3
2026-01-15T12:51:00+09:00,life_science,pangeos,8,4
2026-01-15T12:52:00+09:00,hanyang_plaza,western,5,2
2026-01-15T12:52:00+09:00,hanyang_plaza,korean,5,2
2026-01-15T12:52:00+09:00,hanyang_plaza,instant,8,5
2026-01-15T12:52:00+09:00,hanyang_plaza,ramen,6,5
2026-01-15T12:52:00+09:00,materials,set_meal,5,3
2026-01-15T12:52:00+09:00,materials,single_dish,5,3
2026-01-15T12:52:00+09:00,life_science,dam_a,5,3
2026-01-15T12:52:00+09:00,life_science,pangeos,9,5
2026-01-15T12:53:00+09:00,hanyang_plaza,western,4,2
2026-01-15T12:53:00+09:00,hanyang_plaza,korean,9,3
2026-01-15T12:53:00+09:00,hanyang_plaza,instant,7,4
2026-01-15T12:53:00+09:00,hanyang_plaza,ramen,6,5
2026-01-15T12:53:00+09:00,materials,set_meal,4,2
2026-01-15T12:53:00+09:00,materials,single_dish,3,2
2026-01-15T12:53:00+09:00,life_science,dam_a,4,2
2026-01-15T12:53:00+09:00,life_science,pangeos,7,4
2026-01-15T12:54:00+09:00,hanyang_plaza,western,6,2
2026-01-15T12:54:00+09:00,hanyang_plaza,korean,5,2
2026-01-15T12:54:00+09:00,hanyang_plaza,instant,8,5
2026-01-15T12:54:00+09:00,hanyang_plaza,ramen,9,7
2026-01-15T12:54:00+09:00,materials,set_meal,6,3
2026-01-15T12:54:00+09:00,materials,single_dish,5,3
2026-01-15T12:54:00+09:00,life_science,dam_a,7,3
2026-01-15T12:54:00+09:00,life_science,pangeos,3,2
2026-01-15T12:55:00+09:00,hanyang_plaza,western,4,2
2026-01-15T12:55:00+09:00,hanyang_plaza,korean,4,2
2026-01-15T12:55:00+09:00,hanyang_plaza,instant,7,4
2026-01-15T12:55:00+09:00,hanyang_plaza,ramen,6,5
2026-01-15T12:55:00+09:00,materials,set_meal,3,2
2026-01-15T12:55:00+09:00,materials,single_dish,7,3
2026-01-15T12:55:00+09:00,life_science,dam_a,4,2
2026-01-15T12:55:00+09:00,life_science,pangeos,6,4
2026-01-15T12:56:00+09:00,hanyang_plaza,western,4,2
2026-01-15T12:56:00+09:00,hanyang_plaza,korean,5,2
2026-01-15T12:56:00+09:00,hanyang_plaza,instant,6,4
2026-01-15T12:56:00+09:00,hanyang_plaza,ramen,7,6
2026-01-15T12:56:00+09:00,materials,set_meal,5,3
2026-01-15T12:56:00+09:00,materials,single_dish,6,3
2026-01-15T12:56:00+09:00,life_science,dam_a,5,3
2026-01-15T12:56:00+09:00,life_science,pangeos,6,4
2026-01-15T12:57:00+09:00,hanyang_plaza,western,3,2
2026-01-15T12:57:00+09:00,hanyang_plaza,korean,5,2
2026-01-15T12:57:00+09:00,hanyang_plaza,instant,7,4
2026-01-15T12:57:00+09:00,hanyang_plaza,ramen,8,7
2026-01-15T12:57:00+09:00,materials,set_meal,4,2
2026-01-15T12:57:00+09:00,materials,single_dish,5,3
2026-01-15T12:57:00+09:00,life_science,dam_a,5,3
2026-01-15T12:57:00+09:00,life_science,pangeos,7,4
2026-01-15T12:58:00+09:00,hanyang_plaza,western,5,2
2026-01-15T12:58:00+09:00,hanyang_plaza,korean,4,2
2026-01-15T12:58:00+09:00,hanyang_plaza,instant,6,4
2026-01-15T12:58:00+09:00,hanyang_plaza,ramen,2,3
2026-01-15T12:58:00+09:00,materials,set_meal,4,2
2026-01-15T12:58:00+09:00,materials,single_dish,0,1
2026-01-15T12:58:00+09:00,life_science,dam_a,1,1
2026-01-15T12:58:00+09:00,life_science,pangeos,6,4
2026-01-15T12:59:00+09:00,hanyang_plaza,western,5,2
2026-01-15T12:59:00+09:00,hanyang_plaza,korean,3,2
2026-01-15T12:59:00+09:00,hanyang_plaza,instant,4,3
2026-01-15T12:59:00+09:00,hanyang_plaza,ramen,8,7
2026-01-15T12:59:00+09:00,materials,set_meal,2,2
2026-01-15T12:59:00+09:00,materials,single_dish,7,3
2026-01-15T12:59:00+09:00,life_science,dam_a,4,2
2026-01-15T12:59:00+09:00,life_science,pangeos,5,3
2026-01-15T13:00:00+09:00,hanyang_plaza,western,6,2
2026-01-15T13:00:00+09:00,hanyang_plaza,korean,5,2
2026-01-15T13:00:00+09:00,hanyang_plaza,instant,4,3
2026-01-15T13:00:00+09:00,hanyang_plaza,ramen,6,5
2026-01-15T13:00:00+09:00,materials,set_meal,3,2
2026-01-15T13:00:00+09:00,materials,single_dish,1,1
2026-01-15T13:00:00+09:00,life_science,dam_a,3,2
2026-01-15T13:00:00+09:00,life_science,pangeos,4,3
2026-01-15T13:01:00+09:00,hanyang_plaza,western,5,2
2026-01-15T13:01:00+09:00,hanyang_plaza,korean,4,2
2026-01-15T13:01:00+09:00,hanyang_plaza,instant,5,4
2026-01-15T13:01:00+09:00,hanyang_plaza,ramen,5,5
2026-01-15T13:01:00+09:00,materials,set_meal,3,2
2026-01-15T13:01:00+09:00,materials,single_dish,4,2
2026-01-15T13:01:00+09:00,life_science,dam_a,2,2
2026-01-15T13:01:00+09:00,life_science,pangeos,3,2
2026-01-15T13:02:00+09:00,hanyang_plaza,western,5,2
2026-01-15T13:02:00+09:00,hanyang_plaza,korean,3,2
2026-01-15T13:02:00+09:00,hanyang_plaza,instant,3,3
2026-01-15T13:02:00+09:00,hanyang_plaza,ramen,6,5
2026-01-15T13:02:00+09:00,materials,set_meal,3,2
2026-01-15T13:02:00+09:00,materials,single_dish,1,1
2026-01-15T13:02:00+09:00,life_science,dam_a,4,2
2026-01-15T13:02:00+09:00,life_science,pangeos,5,3
2026-01-15T13:03:00+09:00,hanyang_plaza,western,4,2
2026-01-15T13:03:00+09:00,hanyang_plaza,korean,5,2
2026-01-15T13:03:00+09:00,hanyang_plaza,instant,3,3
2026-01-15T13:03:00+09:00,hanyang_plaza,ramen,6,5
2026-01-15T13:03:00+09:00,materials,set_meal,2,2
2026-01-15T13:03:00+09:00,materials,single_dish,2,2
2026-01-15T13:03:00+09:00,life_science,dam_a,5,3
2026-01-15T13:03:00+09:00,life_science,pangeos,6,4
2026-01-15T13:04:00+09:00,hanyang_plaza,western,6,2
2026-01-15T13:04:00+09:00,hanyang_plaza,korean,6,3
2026-01-15T13:04:00+09:00,hanyang_plaza,instant,4,3
2026-01-15T13:04:00+09:00,hanyang_plaza,ramen,6,5
2026-01-15T13:04:00+09:00,materials,set_meal,4,2
2026-01-15T13:04:00+09:00,materials,single_dish,3,2
2026-01-15T13:04:00+09:00,life_science,dam_a,3,2
2026-01-15T13:04:00+09:00,life_science,pangeos,5,3
2026-01-15T13:05:00+09:00,hanyang_plaza,western,3,2
2026-01-15T13:05:00+09:00,hanyang_plaza,korean,3,2
2026-01-15T13:05:00+09:00,hanyang_plaza,instant,4,3
2026-01-15T13:05:00+09:00,hanyang_plaza,ramen,6,5
2026-01-15T13:05:00+09:00,materials,set_meal,3,2
2026-01-15T13:05:00+09:00,materials,single_dish,3,2
2026-01-15T13:05:00+09:00,life_science,dam_a,4,2
2026-01-15T13:05:00+09:00,life_science,pangeos,3,2
2026-01-15T13:06:00+09:00,hanyang_plaza,western,4,2
2026-01-15T13:06:00+09:00,hanyang_plaza,korean,4,2
2026-01-15T13:06:00+09:00,hanyang_plaza,instant,3,3
2026-01-15T13:06:00+09:00,hanyang_plaza,ramen,7,6
2026-01-15T13:06:00+09:00,materials,set_meal,2,2
2026-01-15T13:06:00+09:00,materials,single_dish,0,1
2026-01-15T13:06:00+09:00,life_science,dam_a,2,2
2026-01-15T13:06:00+09:00,life_science,pangeos,2,2
2026-01-15T13:07:00+09:00,hanyang_plaza,western,3,2
2026-01-15T13:07:00+09:00,hanyang_plaza,korean,3,2
2026-01-15T13:07:00+09:00,hanyang_plaza,instant,4,3
2026-01-15T13:07:00+09:00,hanyang_plaza,ramen,6,5
2026-01-15T13:07:00+09:00,materials,set_meal,3,2
2026-01-15T13:07:00+09:00,materials,single_dish,3,2
2026-01-15T13:07:00+09:00,life_science,dam_a,4,2
2026-01-15T13:07:00+09:00,life_science,pangeos,5,3
2026-01-15T13:08:00+09:00,hanyang_plaza,western,0,1
2026-01-15T13:08:00+09:00,hanyang_plaza,korean,3,2
2026-01-15T13:08:00+09:00,hanyang_plaza,instant,1,2
2026-01-15T13:08:00+09:00,hanyang_plaza,ramen,5,5
2026-01-15T13:08:00+09:00,materials,set_meal,2,2
2026-01-15T13:08:00+09:00,materials,single_dish,4,2
2026-01-15T13:08:00+09:00,life_science,dam_a,5,3
2026-01-15T13:08:00+09:00,life_science,pangeos,4,3
2026-01-15T13:09:00+09:00,hanyang_plaza,western,2,1
2026-01-15T13:09:00+09:00,hanyang_plaza,korean,4,2
2026-01-15T13:09:00+09:00,hanyang_plaza,instant,3,3
2026-01-15T13:09:00+09:00,hanyang_plaza,ramen,4,4
2026-01-15T13:09:00+09:00,materials,set_meal,4,2
2026-01-15T13:09:00+09:00,materials,single_dish,2,2
2026-01-15T13:09:00+09:00,life_science,dam_a,4,2
2026-01-15T13:09:00+09:00,life_science,pangeos,5,3
2026-01-15T13:10:00+09:00,hanyang_plaza,western,2,1
2026-01-15T13:10:00+09:00,hanyang_plaza,korean,5,2
2026-01-15T13:10:00+09:00,hanyang_plaza,instant,5,4
2026-01-15T13:10:00+09:00,hanyang_plaza,ramen,5,5
2026-01-15T13:10:00+09:00,materials,set_meal,1,1
2026-01-15T13:10:00+09:00,materials,single_dish,1,1
2026-01-15T13:10:00+09:00,life_science,dam_a,2,2
2026-01-15T13:10:00+09:00,life_science,pangeos,4,3
2026-01-15T13:11:00+09:00,hanyang_plaza,western,2,1
2026-01-15T13:11:00+09:00,hanyang_plaza,korean,4,2
2026-01-15T13:11:00+09:00,hanyang_plaza,instant,2,2
2026-01-15T13:11:00+09:00,hanyang_plaza,ramen,4,4
2026-01-15T13:11:00+09:00,materials,set_meal,2,2
2026-01-15T13:11:00+09:00,materials,single_dish,6,3
2026-01-15T13:11:00+09:00,life_science,dam_a,1,1
2026-01-15T13:11:00+09:00,life_science,pangeos,6,4
2026-01-15T13:12:00+09:00,hanyang_plaza,western,3,2
2026-01-15T13:12:00+09:00,hanyang_plaza,korean,4,2
2026-01-15T13:12:00+09:00,hanyang_plaza,instant,4,3
2026-01-15T13:12:00+09:00,hanyang_plaza,ramen,5,5
2026-01-15T13:12:00+09:00,materials,set_meal,2,2
2026-01-15T13:12:00+09:00,materials,single_dish,5,3
2026-01-15T13:12:00+09:00,life_science,dam_a,2,2
2026-01-15T13:12:00+09:00,life_science,pangeos,5,3
2026-01-15T13:13:00+09:00,hanyang_plaza,western,2,1
2026-01-15T13:13:00+09:00,hanyang_plaza,korean,3,2
2026-01-15T13:13:00+09:00,hanyang_plaza,instant,2,2
2026-01-15T13:13:00+09:00,hanyang_plaza,ramen,5,5
2026-01-15T13:13:00+09:00,materials,set_meal,4,2
2026-01-15T13:13:00+09:00,materials,single_dish,2,2
2026-01-15T13:13:00+09:00,life_science,dam_a,2,2
2026-01-15T13:13:00+09:00,life_science,pangeos,2,2
2026-01-15T13:14:00+09:00,hanyang_plaza,western,3,2
2026-01-15T13:14:00+09:00,hanyang_plaza,korean,1,1
2026-01-15T13:14:00+09:00,hanyang_plaza,instant,3,3
2026-01-15T13:14:00+09:00,hanyang_plaza,ramen,5,5
2026-01-15T13:14:00+09:00,materials,set_meal,4,2
2026-01-15T13:14:00+09:00,materials,single_dish,7,3
2026-01-15T13:14:00+09:00,life_science,dam_a,2,2
2026-01-15T13:14:00+09:00,life_science,pangeos,6,4
2026-01-15T13:15:00+09:00,hanyang_plaza,western,3,2
2026-01-15T13:15:00+09:00,hanyang_plaza,korean,3,2
2026-01-15T13:15:00+09:00,hanyang_plaza,instant,4,3
2026-01-15T13:15:00+09:00,hanyang_plaza,ramen,4,4
2026-01-15T13:15:00+09:00,materials,set_meal,2,2
2026-01-15T13:15:00+09:00,materials,single_dish,2,2
2026-01-15T13:15:00+09:00,life_science,dam_a,1,1
2026-01-15T13:15:00+09:00,life_science,pangeos,1,1
2026-01-15T13:16:00+09:00,hanyang_plaza,western,4,2
2026-01-15T13:16:00+09:00,hanyang_plaza,korean,3,2
2026-01-15T13:16:00+09:00,hanyang_plaza,instant,3,3
2026-01-15T13:16:00+09:00,hanyang_plaza,ramen,4,4
2026-01-15T13:16:00+09:00,materials,set_meal,3,2
2026-01-15T13:16:00+09:00,materials,single_dish,3,2
2026-01-15T13:16:00+09:00,life_science,dam_a,2,2
2026-01-15T13:16:00+09:00,life_science,pangeos,5,3
2026-01-15T13:17:00+09:00,hanyang_plaza,western,5,2
2026-01-15T13:17:00+09:00,hanyang_plaza,korean,4,2
2026-01-15T13:17:00+09:00,hanyang_plaza,instant,5,4
2026-01-15T13:17:00+09:00,hanyang_plaza,ramen,6,5
2026-01-15T13:17:00+09:00,materials,set_meal,4,2
2026-01-15T13:17:00+09:00,materials,single_dish,3,2
2026-01-15T13:17:00+09:00,life_science,dam_a,4,2
2026-01-15T13:17:00+09:00,life_science,pangeos,4,3
2026-01-15T13:18:00+09:00,hanyang_plaza,western,1,1
2026-01-15T13:18:00+09:00,hanyang_plaza,korean,4,2
2026-01-15T13:18:00+09:00,hanyang_plaza,instant,2,2
2026-01-15T13:18:00+09:00,hanyang_plaza,ramen,3,3
2026-01-15T13:18:00+09:00,materials,set_meal,4,2
2026-01-15T13:18:00+09:00,materials,single_dish,4,2
2026-01-15T13:18:00+09:00,life_science,dam_a,5,3
2026-01-15T13:18:00+09:00,life_science,pangeos,3,2
2026-01-15T13:19:00+09:00,hanyang_plaza,western,1,1
2026-01-15T13:19:00+09:00,hanyang_plaza,korean,3,2
2026-01-15T13:19:00+09:00,hanyang_plaza,instant,4,3
2026-01-15T13:19:00+09:00,hanyang_plaza,ramen,4,4
2026-01-15T13:19:00+09:00,materials,set_meal,4,2
2026-01-15T13:19:00+09:00,materials,single_dish,2,2
2026-01-15T13:19:00+09:00,life_science,dam_a,3,2
2026-01-15T13:19:00+09:00,life_science,pangeos,2,2
2026-01-15T13:20:00+09:00,hanyang_plaza,western,3,2
2026-01-15T13:20:00+09:00,hanyang_plaza,korean,3,2
2026-01-15T13:20:00+09:00,hanyang_plaza,instant,3,3
2026-01-15T13:20:00+09:00,hanyang_plaza,ramen,4,4
2026-01-15T13:20:00+09:00,materials,set_meal,2,2
2026-01-15T13:20:00+09:00,materials,single_dish,2,2
2026-01-15T13:20:00+09:00,life_science,dam_a,5,3
2026-01-15T13:20:00+09:00,life_science,pangeos,3,2
2026-01-15T13:21:00+09:00,hanyang_plaza,western,2,1
2026-01-15T13:21:00+09:00,hanyang_plaza,korean,0,1
2026-01-15T13:21:00+09:00,hanyang_plaza,instant,2,2
2026-01-15T13:21:00+09:00,hanyang_plaza,ramen,4,4
2026-01-15T13:21:00+09:00,materials,set_meal,1,1
2026-01-15T13:21:00+09:00,materials,single_dish,4,2
2026-01-15T13:21:00+09:00,life_science,dam_a,2,2
2026-01-15T13:21:00+09:00,life_science,pangeos,5,3
2026-01-15T13:22:00+09:00,hanyang_plaza,western,3,2
2026-01-15T13:22:00+09:00,hanyang_plaza,korean,3,2
2026-01-15T13:22:00+09:00,hanyang_plaza,instant,4,3
2026-01-15T13:22:00+09:00,hanyang_plaza,ramen,4,4
2026-01-15T13:22:00+09:00,materials,set_meal,5,3
2026-01-15T13:22:00+09:00,materials,single_dish,0,1
2026-01-15T13:22:00+09:00,life_science,dam_a,0,1
2026-01-15T13:22:00+09:00,life_science,pangeos,2,2
2026-01-15T13:23:00+09:00,hanyang_plaza,western,3,2
2026-01-15T13:23:00+09:00,hanyang_plaza,korean,4,2
2026-01-15T13:23:00+09:00,hanyang_plaza,instant,4,3
2026-01-15T13:23:00+09:00,hanyang_plaza,ramen,3,3
2026-01-15T13:23:00+09:00,materials,set_meal,4,2
2026-01-15T13:23:00+09:00,materials,single_dish,4,2
2026-01-15T13:23:00+09:00,life_science,dam_a,3,2
2026-01-15T13:23:00+09:00,life_science,pangeos,5,3
2026-01-15T13:24:00+09:00,hanyang_plaza,western,3,2
2026-01-15T13:24:00+09:00,hanyang_plaza,korean,2,1
2026-01-15T13:24:00+09:00,hanyang_plaza,instant,5,4
2026-01-15T13:24:00+09:00,hanyang_plaza,ramen,4,4
2026-01-15T13:24:00+09:00,materials,set_meal,2,2
2026-01-15T13:24:00+09:00,materials,single_dish,4,2
2026-01-15T13:24:00+09:00,life_science,dam_a,0,1
2026-01-15T13:24:00+09:00,life_science,pangeos,1,1
2026-01-15T13:25:00+09:00,hanyang_plaza,western,1,1
2026-01-15T13:25:00+09:00,hanyang_plaza,korean,2,1
2026-01-15T13:25:00+09:00,hanyang_plaza,instant,3,3
2026-01-15T13:25:00+09:00,hanyang_plaza,ramen,2,3
2026-01-15T13:25:00+09:00,materials,set_meal,1,1
2026-01-15T13:25:00+09:00,materials,single_dish,1,1
2026-01-15T13:25:00+09:00,life_science,dam_a,6,3
2026-01-15T13:25:00+09:00,life_science,pangeos,6,4
2026-01-15T13:26:00+09:00,hanyang_plaza,western,2,1
2026-01-15T13:26:00+09:00,hanyang_plaza,korean,2,1
2026-01-15T13:26:00+09:00,hanyang_plaza,instant,2,2
2026-01-15T13:26:00+09:00,hanyang_plaza,ramen,1,2
2026-01-15T13:26:00+09:00,materials,set_meal,2,2
2026-01-15T13:26:00+09:00,materials,single_dish,1,1
2026-01-15T13:26:00+09:00,life_science,dam_a,2,2
2026-01-15T13:26:00+09:00,life_science,pangeos,1,1
2026-01-15T13:27:00+09:00,hanyang_plaza,western,2,1
2026-01-15T13:27:00+09:00,hanyang_plaza,korean,3,2
2026-01-15T13:27:00+09:00,hanyang_plaza,instant,4,3
2026-01-15T13:27:00+09:00,hanyang_plaza,ramen,5,5
2026-01-15T13:27:00+09:00,materials,set_meal,0,1
2026-01-15T13:27:00+09:00,materials,single_dish,4,2
2026-01-15T13:27:00+09:00,life_science,dam_a,1,1
2026-01-15T13:27:00+09:00,life_science,pangeos,4,3
2026-01-15T13:28:00+09:00,hanyang_plaza,western,3,2
2026-01-15T13:28:00+09:00,hanyang_plaza,korean,1,1
2026-01-15T13:28:00+09:00,hanyang_plaza,instant,3,3
2026-01-15T13:28:00+09:00,hanyang_plaza,ramen,4,4
2026-01-15T13:28:00+09:00,materials,set_meal,3,2
2026-01-15T13:28:00+09:00,materials,single_dish,2,2
2026-01-15T13:28:00+09:00,life_science,dam_a,5,3
2026-01-15T13:28:00+09:00,life_science,pangeos,5,3
2026-01-15T13:29:00+09:00,hanyang_plaza,western,2,1
2026-01-15T13:29:00+09:00,hanyang_plaza,korean,4,2
2026-01-15T13:29:00+09:00,hanyang_plaza,instant,7,4
2026-01-15T13:29:00+09:00,hanyang_plaza,ramen,7,6
2026-01-15T13:29:00+09:00,materials,set_meal,0,1
2026-01-15T13:29:00+09:00,materials,single_dish,1,1
2026-01-15T13:29:00+09:00,life_science,dam_a,5,3
2026-01-15T13:29:00+09:00,life_science,pangeos,2,2
2026-01-15T13:30:00+09:00,hanyang_plaza,western,1,1
2026-01-15T13:30:00+09:00,hanyang_plaza,korean,2,1
2026-01-15T13:30:00+09:00,hanyang_plaza,instant,4,3
2026-01-15T13:30:00+09:00,hanyang_plaza,ramen,4,4
2026-01-15T13:30:00+09:00,materials,set_meal,1,1
2026-01-15T13:30:00+09:00,materials,single_dish,1,1
2026-01-15T13:30:00+09:00,life_science,dam_a,1,1
2026-01-15T13:30:00+09:00,life_science,pangeos,2,2
2026-01-15T13:31:00+09:00,hanyang_plaza,western,6,2
2026-01-15T13:31:00+09:00,hanyang_plaza,korean,3,2
2026-01-15T13:31:00+09:00,hanyang_plaza,instant,5,4
2026-01-15T13:31:00+09:00,hanyang_plaza,ramen,3,3
2026-01-15T13:31:00+09:00,materials,set_meal,2,2
2026-01-15T13:31:00+09:00,materials,single_dish,1,1
2026-01-15T13:31:00+09:00,life_science,dam_a,0,1
2026-01-15T13:31:00+09:00,life_science,pangeos,1,1
2026-01-15T13:32:00+09:00,hanyang_plaza,western,0,1
2026-01-15T13:32:00+09:00,hanyang_plaza,korean,0,1
2026-01-15T13:32:00+09:00,hanyang_plaza,instant,2,2
2026-01-15T13:32:00+09:00,hanyang_plaza,ramen,6,5
2026-01-15T13:32:00+09:00,materials,set_meal,2,2
2026-01-15T13:32:00+09:00,materials,single_dish,4,2
2026-01-15T13:32:00+09:00,life_science,dam_a,3,2
2026-01-15T13:32:00+09:00,life_science,pangeos,4,3
2026-01-15T13:33:00+09:00,hanyang_plaza,western,1,1
2026-01-15T13:33:00+09:00,hanyang_plaza,korean,4,2
2026-01-15T13:33:00+09:00,hanyang_plaza,instant,5,4
2026-01-15T13:33:00+09:00,hanyang_plaza,ramen,3,3
2026-01-15T13:33:00+09:00,materials,set_meal,3,2
2026-01-15T13:33:00+09:00,materials,single_dish,3,2
2026-01-15T13:33:00+09:00,life_science,dam_a,2,2
2026-01-15T13:33:00+09:00,life_science,pangeos,1,1
2026-01-15T13:34:00+09:00,hanyang_plaza,western,1,1
2026-01-15T13:34:00+09:00,hanyang_plaza,korean,3,2
2026-01-15T13:34:00+09:00,hanyang_plaza,instant,4,3
2026-01-15T13:34:00+09:00,hanyang_plaza,ramen,3,3
2026-01-15T13:34:00+09:00,materials,set_meal,2,2
2026-01-15T13:34:00+09:00,materials,single_dish,3,2
2026-01-15T13:34:00+09:00,life_science,dam_a,3,2
2026-01-15T13:34:00+09:00,life_science,pangeos,5,3
2026-01-15T13:35:00+09:00,hanyang_plaza,western,5,2
2026-01-15T13:35:00+09:00,hanyang_plaza,korean,2,1
2026-01-15T13:35:00+09:00,hanyang_plaza,instant,6,4
2026-01-15T13:35:00+09:00,hanyang_plaza,ramen,3,3
2026-01-15T13:35:00+09:00,materials,set_meal,4,2
2026-01-15T13:35:00+09:00,materials,single_dish,2,2
2026-01-15T13:35:00+09:00,life_science,dam_a,2,2
2026-01-15T13:35:00+09:00,life_science,pangeos,0,1
2026-01-15T13:36:00+09:00,hanyang_plaza,western,2,1
2026-01-15T13:36:00+09:00,hanyang_plaza,korean,1,1
2026-01-15T13:36:00+09:00,hanyang_plaza,instant,5,4
2026-01-15T13:36:00+09:00,hanyang_plaza,ramen,6,5
2026-01-15T13:36:00+09:00,materials,set_meal,1,1
2026-01-15T13:36:00+09:00,materials,single_dish,3,2
2026-01-15T13:36:00+09:00,life_science,dam_a,1,1
2026-01-15T13:36:00+09:00,life_science,pangeos,2,2
2026-01-15T13:37:00+09:00,hanyang_plaza,western,4,2
2026-01-15T13:37:00+09:00,hanyang_plaza,korean,3,2
2026-01-15T13:37:00+09:00,hanyang_plaza,instant,6,4
2026-01-15T13:37:00+09:00,hanyang_plaza,ramen,3,3
2026-01-15T13:37:00+09:00,materials,set_meal,4,2
2026-01-15T13:37:00+09:00,materials,single_dish,2,2
2026-01-15T13:37:00+09:00,life_science,dam_a,4,2
2026-01-15T13:37:00+09:00,life_science,pangeos,2,2
2026-01-15T13:38:00+09:00,hanyang_plaza,western,3,2
2026-01-15T13:38:00+09:00,hanyang_plaza,korean,3,2
2026-01-15T13:38:00+09:00,hanyang_plaza,instant,2,2
2026-01-15T13:38:00+09:00,hanyang_plaza,ramen,5,5
2026-01-15T13:38:00+09:00,materials,set_meal,3,2
2026-01-15T13:38:00+09:00,materials,single_dish,3,2
2026-01-15T13:38:00+09:00,life_science,dam_a,5,3
2026-01-15T13:38:00+09:00,life_science,pangeos,5,3
2026-01-15T13:39:00+09:00,hanyang_plaza,western,2,1
2026-01-15T13:39:00+09:00,hanyang_plaza,korean,4,2
2026-01-15T13:39:00+09:00,hanyang_plaza,instant,3,3
2026-01-15T13:39:00+09:00,hanyang_plaza,ramen,4,4
2026-01-15T13:39:00+09:00,materials,set_meal,1,1
2026-01-15T13:39:00+09:00,materials,single_dish,5,3
2026-01-15T13:39:00+09:00,life_science,dam_a,3,2
2026-01-15T13:39:00+09:00,life_science,pangeos,3,2
2026-01-15T13:40:00+09:00,hanyang_plaza,western,4,2
2026-01-15T13:40:00+09:00,hanyang_plaza,korean,0,1
2026-01-15T13:40:00+09:00,hanyang_plaza,instant,1,2
2026-01-15T13:40:00+09:00,hanyang_plaza,ramen,5,5
2026-01-15T13:40:00+09:00,materials,set_meal,2,2
2026-01-15T13:40:00+09:00,materials,single_dish,3,2
2026-01-15T13:40:00+09:00,life_science,dam_a,1,1
2026-01-15T13:40:00+09:00,life_science,pangeos,3,2
2026-01-15T13:41:00+09:00,hanyang_plaza,western,6,2
2026-01-15T13:41:00+09:00,hanyang_plaza,korean,4,2
2026-01-15T13:41:00+09:00,hanyang_plaza,instant,4,3
2026-01-15T13:41:00+09:00,hanyang_plaza,ramen,3,3
2026-01-15T13:41:00+09:00,materials,set_meal,1,1
2026-01-15T13:41:00+09:00,materials,single_dish,0,1
2026-01-15T13:41:00+09:00,life_science,dam_a,3,2
2026-01-15T13:41:00+09:00,life_science,pangeos,4,3
2026-01-15T13:42:00+09:00,hanyang_plaza,western,0,1
2026-01-15T13:42:00+09:00,hanyang_plaza,korean,2,1
2026-01-15T13:42:00+09:00,hanyang_plaza,instant,2,2
2026-01-15T13:42:00+09:00,hanyang_plaza,ramen,2,3
2026-01-15T13:42:00+09:00,materials,set_meal,2,2
2026-01-15T13:42:00+09:00,materials,single_dish,0,1
2026-01-15T13:42:00+09:00,life_science,dam_a,3,2
2026-01-15T13:42:00+09:00,life_science,pangeos,4,3
2026-01-15T13:43:00+09:00,hanyang_plaza,western,2,1
2026-01-15T13:43:00+09:00,hanyang_plaza,korean,0,1
2026-01-15T13:43:00+09:00,hanyang_plaza,instant,2,2
2026-01-15T13:43:00+09:00,hanyang_plaza,ramen,6,5
2026-01-15T13:43:00+09:00,materials,set_meal,0,1
2026-01-15T13:43:00+09:00,materials,single_dish,2,2
2026-01-15T13:43:00+09:00,life_science,dam_a,1,1
2026-01-15T13:43:00+09:00,life_science,pangeos,4,3
2026-01-15T13:44:00+09:00,hanyang_plaza,western,2,1
2026-01-15T13:44:00+09:00,hanyang_plaza,korean,4,2
2026-01-15T13:44:00+09:00,hanyang_plaza,instant,4,3
2026-01-15T13:44:00+09:00,hanyang_plaza,ramen,7,6
2026-01-15T13:44:00+09:00,materials,set_meal,2,2
2026-01-15T13:44:00+09:00,materials,single_dish,3,2
2026-01-15T13:44:00+09:00,life_science,dam_a,0,1
2026-01-15T13:44:00+09:00,life_science,pangeos,5,3
2026-01-15T13:45:00+09:00,hanyang_plaza,western,2,1
2026-01-15T13:45:00+09:00,hanyang_plaza,korean,2,1
2026-01-15T13:45:00+09:00,hanyang_plaza,instant,4,3
2026-01-15T13:45:00+09:00,hanyang_plaza,ramen,2,3
2026-01-15T13:45:00+09:00,materials,set_meal,2,2
2026-01-15T13:45:00+09:00,materials,single_dish,4,2
2026-01-15T13:45:00+09:00,life_science,dam_a,3,2
2026-01-15T13:45:00+09:00,life_science,pangeos,1,1
2026-01-15T13:46:00+09:00,hanyang_plaza,western,3,2
2026-01-15T13:46:00+09:00,hanyang_plaza,korean,4,2
2026-01-15T13:46:00+09:00,hanyang_plaza,instant,1,2
2026-01-15T13:46:00+09:00,hanyang_plaza,ramen,2,3
2026-01-15T13:46:00+09:00,materials,set_meal,3,2
2026-01-15T13:46:00+09:00,materials,single_dish,3,2
2026-01-15T13:46:00+09:00,life_science,dam_a,3,2
2026-01-15T13:46:00+09:00,life_science,pangeos,6,4
2026-01-15T13:47:00+09:00,hanyang_plaza,western,3,2
2026-01-15T13:47:00+09:00,hanyang_plaza,korean,4,2
2026-01-15T13:47:00+09:00,hanyang_plaza,instant,8,5
2026-01-15T13:47:00+09:00,hanyang_plaza,ramen,4,4
2026-01-15T13:47:00+09:00,materials,set_meal,1,1
2026-01-15T13:47:00+09:00,materials,single_dish,3,2
2026-01-15T13:47:00+09:00,life_science,dam_a,3,2
2026-01-15T13:47:00+09:00,life_science,pangeos,2,2
2026-01-15T13:48:00+09:00,hanyang_plaza,western,1,1
2026-01-15T13:48:00+09:00,hanyang_plaza,korean,6,3
2026-01-15T13:48:00+09:00,hanyang_plaza,instant,4,3
2026-01-15T13:48:00+09:00,hanyang_plaza,ramen,3,3
2026-01-15T13:48:00+09:00,materials,set_meal,3,2
2026-01-15T13:48:00+09:00,materials,single_dish,2,2
2026-01-15T13:48:00+09:00,life_science,dam_a,2,2
2026-01-15T13:48:00+09:00,life_science,pangeos,4,3
2026-01-15T13:49:00+09:00,hanyang_plaza,western,1,1
2026-01-15T13:49:00+09:00,hanyang_plaza,korean,4,2
2026-01-15T13:49:00+09:00,hanyang_plaza,instant,6,4
2026-01-15T13:49:00+09:00,hanyang_plaza,ramen,5,5
2026-01-15T13:49:00+09:00,materials,set_meal,1,1
2026-01-15T13:49:00+09:00,materials,single_dish,1,1
2026-01-15T13:49:00+09:00,life_science,dam_a,2,2
2026-01-15T13:49:00+09:00,life_science,pangeos,3,2
2026-01-15T13:50:00+09:00,hanyang_plaza,western,2,1
2026-01-15T13:50:00+09:00,hanyang_plaza,korean,4,2
2026-01-15T13:50:00+09:00,hanyang_plaza,instant,1,2
2026-01-15T13:50:00+09:00,hanyang_plaza,ramen,5,5
2026-01-15T13:50:00+09:00,materials,set_meal,1,1
2026-01-15T13:50:00+09:00,materials,single_dish,3,2
2026-01-15T13:50:00+09:00,life_science,dam_a,1,1
2026-01-15T13:50:00+09:00,life_science,pangeos,5,3
2026-01-15T13:51:00+09:00,hanyang_plaza,western,5,2
2026-01-15T13:51:00+09:00,hanyang_plaza,korean,4,2
2026-01-15T13:51:00+09:00,hanyang_plaza,instant,1,2
2026-01-15T13:51:00+09:00,hanyang_plaza,ramen,5,5
2026-01-15T13:51:00+09:00,materials,set_meal,3,2
2026-01-15T13:51:00+09:00,materials,single_dish,0,1
2026-01-15T13:51:00+09:00,life_science,dam_a,2,2
2026-01-15T13:51:00+09:00,life_science,pangeos,4,3
2026-01-15T13:52:00+09:00,hanyang_plaza,western,4,2
2026-01-15T13:52:00+09:00,hanyang_plaza,korean,3,2
2026-01-15T13:52:00+09:00,hanyang_plaza,instant,4,3
2026-01-15T13:52:00+09:00,hanyang_plaza,ramen,6,5
2026-01-15T13:52:00+09:00,materials,set_meal,4,2
2026-01-15T13:52:00+09:00,materials,single_dish,0,1
2026-01-15T13:52:00+09:00,life_science,dam_a,2,2
2026-01-15T13:52:00+09:00,life_science,pangeos,3,2
2026-01-15T13:53:00+09:00,hanyang_plaza,western,0,1
2026-01-15T13:53:00+09:00,hanyang_plaza,korean,3,2
2026-01-15T13:53:00+09:00,hanyang_plaza,instant,5,4
2026-01-15T13:53:00+09:00,hanyang_plaza,ramen,2,3
2026-01-15T13:53:00+09:00,materials,set_meal,3,2
2026-01-15T13:53:00+09:00,materials,single_dish,1,1
2026-01-15T13:53:00+09:00,life_science,dam_a,2,2
2026-01-15T13:53:00+09:00,life_science,pangeos,5,3
2026-01-15T13:54:00+09:00,hanyang_plaza,western,2,1
2026-01-15T13:54:00+09:00,hanyang_plaza,korean,4,2
2026-01-15T13:54:00+09:00,hanyang_plaza,instant,1,2
2026-01-15T13:54:00+09:00,hanyang_plaza,ramen,7,6
2026-01-15T13:54:00+09:00,materials,set_meal,3,2
2026-01-15T13:54:00+09:00,materials,single_dish,2,2
2026-01-15T13:54:00+09:00,life_science,dam_a,3,2
2026-01-15T13:54:00+09:00,life_science,pangeos,1,1
2026-01-15T13:55:00+09:00,hanyang_plaza,western,4,2
2026-01-15T13:55:00+09:00,hanyang_plaza,korean,3,2
2026-01-15T13:55:00+09:00,hanyang_plaza,instant,3,3
2026-01-15T13:55:00+09:00,hanyang_plaza,ramen,3,3
2026-01-15T13:55:00+09:00,materials,set_meal,1,1
2026-01-15T13:55:00+09:00,materials,single_dish,3,2
2026-01-15T13:55:00+09:00,life_science,dam_a,3,2
2026-01-15T13:55:00+09:00,life_science,pangeos,4,3
2026-01-15T13:56:00+09:00,hanyang_plaza,western,3,2
2026-01-15T13:56:00+09:00,hanyang_plaza,korean,4,2
2026-01-15T13:56:00+09:00,hanyang_plaza,instant,3,3
2026-01-15T13:56:00+09:00,hanyang_plaza,ramen,7,6
2026-01-15T13:56:00+09:00,materials,set_meal,0,1
2026-01-15T13:56:00+09:00,materials,single_dish,4,2
2026-01-15T13:56:00+09:00,life_science,dam_a,5,3
2026-01-15T13:56:00+09:00,life_science,pangeos,2,2
2026-01-15T13:57:00+09:00,hanyang_plaza,western,6,2
2026-01-15T13:57:00+09:00,hanyang_plaza,korean,4,2
2026-01-15T13:57:00+09:00,hanyang_plaza,instant,5,4
2026-01-15T13:57:00+09:00,hanyang_plaza,ramen,4,4
2026-01-15T13:57:00+09:00,materials,set_meal,2,2
2026-01-15T13:57:00+09:00,materials,single_dish,2,2
2026-01-15T13:57:00+09:00,life_science,dam_a,3,2
2026-01-15T13:57:00+09:00,life_science,pangeos,5,3
2026-01-15T13:58:00+09:00,hanyang_plaza,western,3,2
2026-01-15T13:58:00+09:00,hanyang_plaza,korean,2,1
2026-01-15T13:58:00+09:00,hanyang_plaza,instant,5,4
2026-01-15T13:58:00+09:00,hanyang_plaza,ramen,5,5
2026-01-15T13:58:00+09:00,materials,set_meal,3,2
2026-01-15T13:58:00+09:00,materials,single_dish,3,2
2026-01-15T13:58:00+09:00,life_science,dam_a,2,2
2026-01-15T13:58:00+09:00,life_science,pangeos,2,2
2026-01-15T13:59:00+09:00,hanyang_plaza,western,1,1
2026-01-15T13:59:00+09:00,hanyang_plaza,korean,1,1
2026-01-15T13:59:00+09:00,hanyang_plaza,instant,4,3
2026-01-15T13:59:00+09:00,hanyang_plaza,ramen,4,4
2026-01-15T13:59:00+09:00,materials,set_meal,1,1
2026-01-15T13:59:00+09:00,materials,single_dish,0,1
2026-01-15T13:59:00+09:00,life_science,dam_a,1,1
2026-01-15T13:59:00+09:00,life_science,pangeos,5,3
2026-01-15T14:00:00+09:00,hanyang_plaza,western,2,1
2026-01-15T14:00:00+09:00,hanyang_plaza,korean,4,2
2026-01-15T14:00:00+09:00,hanyang_plaza,instant,2,2
2026-01-15T14:00:00+09:00,hanyang_plaza,ramen,6,5
2026-01-15T14:00:00+09:00,materials,set_meal,2,2
2026-01-15T14:00:00+09:00,materials,single_dish,3,2
2026-01-15T14:00:00+09:00,life_science,dam_a,6,3
2026-01-15T14:00:00+09:00,life_science,pangeos,5,3
